{"type":"FeatureCollection","features":[{"type":"Feature","geometry":{"type":"Polygon","coordinates":[[[0.7167,42.8582],[0.7223,42.8599],[0.7347,42.8532],[0.736,42.8484],[0.7578,42.8439],[0.7661,42.8395],[0.778,42.8362],[0.7879,42.8364],[0.8005,42.8409],[0.8115,42.8386],[0.8351,42.8282],[0.8431,42.8292],[0.8564,42.8269],[0.8614,42.8215],[0.871,42.8159],[0.8843,42.8128],[0.8977,42.8066],[0.9061,42.801],[0.9081,42.797],[0.915,42.7963],[0.9255,42.7895],[0.935,42.7885],[0.9363,42.7832],[0.9331,42.782],[0.931,42.7787],[0.9328,42.7739],[0.9307,42.7698],[0.933,42.7678],[0.9281,42.7649],[0.9294,42.7604],[0.9267,42.7567],[0.9258,42.7518],[0.9286,42.7515],[0.9287,42.7474],[0.9359,42.7464],[0.9365,42.7431],[0.9382,42.7423],[0.9364,42.7318],[0.9376,42.729],[0.9415,42.7274],[0.9405,42.7233],[0.9422,42.7213],[0.9407,42.7173],[0.9385,42.7164],[0.9403,42.7136],[0.9486,42.7105],[0.9546,42.7126],[0.9618,42.7103],[0.9706,42.7117],[0.9734,42.7093],[0.9772,42.7098],[0.9806,42.7082],[0.9887,42.7104],[0.9909,42.7125],[0.9953,42.7097],[1.0008,42.7098],[1.0057,42.7135],[1.0124,42.7092],[1.0099,42.7027],[1.0105,42.7003],[1.0083,42.699],[1.009,42.6962],[1.0025,42.6908],[1.001,42.6875],[1.0017,42.6823],[0.9963,42.6793],[0.9969,42.6773],[0.9944,42.6712],[0.9901,42.6695],[0.9901,42.6671],[0.9885,42.6658],[0.9841,42.6658],[0.9804,42.6629],[0.9837,42.6609],[0.9833,42.6564],[0.9863,42.6488],[0.9908,42.6468],[0.9925,42.644],[0.9861,42.6395],[0.9846,42.6338],[0.9819,42.6321],[0.982,42.6293],[0.9782,42.6288],[0.9756,42.6251],[0.9756,42.6227],[0.9785,42.6199],[0.9835,42.6175],[0.9831,42.6118],[0.9848,42.6107],[0.9816,42.609],[0.9845,42.6042],[0.9819,42.6005],[0.983,42.5981],[0.977,42.5984],[0.9742,42.6007],[0.9741,42.6032],[0.9713,42.6047],[0.9681,42.6031],[0.9538,42.6028],[0.9535,42.5943],[0.947,42.5922],[0.9444,42.5893],[0.9201,42.5921],[0.9179,42.5928],[0.9173,42.5957],[0.915,42.5973],[0.9149,42.6021],[0.912,42.6069],[0.9043,42.6076],[0.9009,42.6104],[0.8976,42.6099],[0.8954,42.6115],[0.8941,42.6159],[0.8968,42.6176],[0.8951,42.6196],[0.896,42.6257],[0.8899,42.6276],[0.8844,42.6271],[0.8832,42.6303],[0.8793,42.6319],[0.8766,42.6314],[0.8767,42.6269],[0.8746,42.6257],[0.8708,42.6252],[0.867,42.6223],[0.8577,42.6213],[0.8469,42.6159],[0.8465,42.6134],[0.8443,42.613],[0.8444,42.6105],[0.8417,42.6089],[0.8362,42.6088],[0.8281,42.6054],[0.8254,42.6053],[0.8202,42.6129],[0.813,42.6148],[0.8128,42.6193],[0.8041,42.6189],[0.7913,42.6145],[0.7856,42.6153],[0.7671,42.6111],[0.7507,42.6122],[0.7452,42.6147],[0.739,42.6117],[0.7327,42.615],[0.7261,42.6153],[0.7078,42.6216],[0.7002,42.6265],[0.6981,42.6292],[0.6995,42.6361],[0.6983,42.6444],[0.6957,42.6504],[0.6953,42.6589],[0.6885,42.6608],[0.6847,42.6645],[0.6812,42.6653],[0.6761,42.6714],[0.6721,42.6813],[0.6664,42.6827],[0.6612,42.6873],[0.66,42.6909],[0.6648,42.6911],[0.6676,42.689],[0.6756,42.6908],[0.6739,42.6964],[0.6753,42.7019],[0.6818,42.7059],[0.6825,42.709],[0.6761,42.7141],[0.673,42.7189],[0.6756,42.7218],[0.68,42.7232],[0.677,42.7281],[0.6708,42.7307],[0.6663,42.7417],[0.6633,42.7431],[0.6639,42.7484],[0.661,42.7517],[0.6483,42.7517],[0.6386,42.754],[0.6498,42.7619],[0.6509,42.7657],[0.6624,42.7698],[0.6685,42.7742],[0.6538,42.777],[0.646,42.7834],[0.6524,42.7874],[0.6605,42.7986],[0.6706,42.8034],[0.6697,42.8083],[0.6642,42.8145],[0.6695,42.8243],[0.6601,42.831],[0.6595,42.8386],[0.6634,42.8419],[0.6786,42.848],[0.6784,42.8549],[0.6921,42.8552],[0.709,42.8618],[0.7167,42.8582]]]},"properties":{"zhr":"1","ha":57886,"danger":2,"exposure":1,"nfr40":583,"nfr60":874}},{"type":"Feature","geometry":{"type":"MultiPolygon","coordinates":[[[[1.9796,42.494],[1.9894,42.4935],[1.9981,42.4854],[1.9923,42.4834],[1.987,42.4758],[1.987,42.4702],[1.9896,42.4686],[1.9916,42.4642],[2.0098,42.4561],[2.0108,42.4536],[2.0139,42.4518],[2.0123,42.4488],[1.9845,42.4467],[1.9597,42.4538],[1.9562,42.4578],[1.9627,42.4781],[1.9702,42.4807],[1.9734,42.4854],[1.9774,42.4856],[1.9764,42.4906],[1.9796,42.494]]],[[[1.4556,42.5273],[1.4638,42.5176],[1.4673,42.5096],[1.4426,42.4951],[1.4334,42.4925],[1.425,42.4926],[1.4185,42.4836],[1.4324,42.4821],[1.4408,42.4758],[1.4404,42.4638],[1.4476,42.4599],[1.4418,42.4553],[1.4419,42.4508],[1.4442,42.4495],[1.447,42.4436],[1.4427,42.4445],[1.443,42.4429],[1.4515,42.4363],[1.4721,42.4356],[1.4837,42.4332],[1.4974,42.4335],[1.5166,42.4288],[1.5379,42.4339],[1.55,42.4334],[1.5536,42.4375],[1.5529,42.4436],[1.56,42.449],[1.5561,42.4543],[1.5606,42.4586],[1.5678,42.4585],[1.5738,42.4526],[1.5814,42.4499],[1.5862,42.461],[1.5987,42.4678],[1.6069,42.4644],[1.6225,42.4654],[1.6316,42.4626],[1.6363,42.4677],[1.6406,42.4664],[1.6462,42.4683],[1.6564,42.4663],[1.6577,42.4696],[1.6625,42.4741],[1.6607,42.4781],[1.6622,42.4813],[1.6621,42.4925],[1.6695,42.5052],[1.6748,42.4975],[1.6795,42.4948],[1.6893,42.4952],[1.7033,42.491],[1.7154,42.4963],[1.7201,42.5015],[1.7254,42.5028],[1.7309,42.4926],[1.7471,42.4947],[1.7519,42.4915],[1.7596,42.4902],[1.7626,42.4868],[1.7682,42.4883],[1.792,42.4855],[1.8039,42.4901],[1.8173,42.4828],[1.824,42.4858],[1.8334,42.4826],[1.8443,42.4763],[1.8476,42.4683],[1.8556,42.4636],[1.8594,42.4626],[1.8627,42.4658],[1.8817,42.4592],[1.8845,42.4499],[1.8902,42.4499],[1.8911,42.4479],[1.8945,42.4476],[1.8982,42.4506],[1.9091,42.4475],[1.9179,42.4468],[1.9294,42.4527],[1.9378,42.4528],[1.9423,42.444],[1.9411,42.4302],[1.9515,42.4275],[1.9582,42.4236],[1.9554,42.411],[1.9606,42.4043],[1.9598,42.3931],[1.9642,42.3883],[1.9654,42.381],[1.9725,42.3729],[1.9798,42.3714],[1.9856,42.3632],[1.99,42.3598],[1.9948,42.3602],[1.9987,42.3559],[2.0032,42.3561],[2.0066,42.3536],[2.0116,42.3528],[2.0155,42.3479],[2.0186,42.351],[2.0192,42.3502],[2.016,42.3461],[2.0078,42.3449],[2.0057,42.3424],[2.0002,42.3407],[1.9959,42.3407],[1.9894,42.3329],[1.9856,42.3325],[1.9802,42.328],[1.9644,42.3275],[1.959,42.3246],[1.9563,42.3205],[1.9487,42.3184],[1.9488,42.3143],[1.9428,42.3102],[1.9429,42.3074],[1.9364,42.3061],[1.9348,42.3029],[1.9178,42.3035],[1.9167,42.308],[1.9084,42.3119],[1.9045,42.3176],[1.9001,42.3196],[1.8935,42.3199],[1.8908,42.317],[1.8832,42.3174],[1.8832,42.3153],[1.8784,42.3125],[1.8723,42.3136],[1.8636,42.3111],[1.8609,42.3135],[1.8576,42.3106],[1.85,42.3106],[1.8414,42.3056],[1.8364,42.3056],[1.8327,42.3011],[1.8267,42.2998],[1.818,42.2997],[1.8141,42.3021],[1.8043,42.302],[1.7973,42.2983],[1.7973,42.2946],[1.7881,42.2945],[1.781,42.2928],[1.7789,42.2904],[1.7635,42.293],[1.7505,42.2905],[1.745,42.2904],[1.7423,42.292],[1.7369,42.2887],[1.7364,42.2842],[1.7293,42.2829],[1.719,42.2828],[1.7145,42.2876],[1.7042,42.2847],[1.6747,42.2852],[1.6715,42.2835],[1.6694,42.2798],[1.665,42.2794],[1.66,42.2826],[1.6546,42.2829],[1.6518,42.2845],[1.6518,42.2861],[1.6408,42.2888],[1.6381,42.2884],[1.6365,42.2855],[1.6283,42.2879],[1.6141,42.2857],[1.6103,42.2868],[1.6032,42.2855],[1.595,42.2854],[1.5912,42.287],[1.5732,42.2864],[1.5656,42.283],[1.5542,42.2817],[1.5514,42.2845],[1.5513,42.2893],[1.5431,42.2896],[1.537,42.2924],[1.5348,42.2952],[1.5212,42.2938],[1.5136,42.2893],[1.5033,42.2875],[1.4989,42.2887],[1.4908,42.2849],[1.4805,42.2836],[1.4796,42.2754],[1.4763,42.2738],[1.4758,42.2718],[1.4617,42.2708],[1.4525,42.2658],[1.4405,42.2648],[1.4346,42.2623],[1.4325,42.2586],[1.4265,42.2569],[1.4255,42.2553],[1.42,42.258],[1.4156,42.258],[1.4081,42.2518],[1.4032,42.2521],[1.3951,42.248],[1.3897,42.2483],[1.3848,42.2454],[1.3843,42.2433],[1.3805,42.2449],[1.3751,42.2436],[1.3649,42.237],[1.3595,42.2353],[1.3579,42.2316],[1.3531,42.2291],[1.3514,42.2307],[1.3513,42.2344],[1.342,42.2346],[1.3387,42.237],[1.3344,42.2357],[1.326,42.2417],[1.3118,42.2423],[1.3112,42.2443],[1.3068,42.2459],[1.3062,42.2483],[1.3018,42.2499],[1.3001,42.2535],[1.2941,42.2514],[1.2837,42.2544],[1.27,42.2542],[1.2677,42.2603],[1.2591,42.2565],[1.2586,42.2549],[1.2427,42.255],[1.2335,42.2557],[1.2241,42.2588],[1.2176,42.2583],[1.2164,42.2615],[1.2174,42.2636],[1.2033,42.2597],[1.1978,42.2625],[1.1858,42.261],[1.1699,42.2661],[1.1645,42.2635],[1.1601,42.2647],[1.1611,42.2675],[1.1633,42.268],[1.1643,42.2716],[1.1626,42.2724],[1.1625,42.2769],[1.1558,42.2816],[1.1551,42.2857],[1.1594,42.2898],[1.1675,42.2911],[1.1685,42.2944],[1.164,42.3004],[1.1639,42.3037],[1.166,42.3057],[1.1693,42.305],[1.1778,42.3124],[1.1759,42.3213],[1.1572,42.3258],[1.1555,42.3274],[1.1537,42.3351],[1.1558,42.3376],[1.1551,42.3428],[1.1584,42.3429],[1.1598,42.3498],[1.1717,42.354],[1.1738,42.3565],[1.2082,42.3583],[1.2136,42.3616],[1.2255,42.3646],[1.2287,42.3687],[1.2363,42.3684],[1.2371,42.3802],[1.2441,42.3831],[1.2448,42.3977],[1.2463,42.401],[1.2453,42.418],[1.2518,42.4197],[1.2628,42.4195],[1.2772,42.4116],[1.288,42.4174],[1.2873,42.4219],[1.2889,42.4227],[1.2904,42.43],[1.2942,42.4309],[1.2958,42.4338],[1.3002,42.4322],[1.3061,42.4343],[1.3122,42.4332],[1.3307,42.4379],[1.3378,42.4364],[1.3432,42.4401],[1.3514,42.441],[1.3529,42.4459],[1.3571,42.45],[1.3554,42.4557],[1.3636,42.455],[1.369,42.4563],[1.3735,42.4527],[1.3805,42.4585],[1.3946,42.4607],[1.3967,42.466],[1.4032,42.4701],[1.4031,42.4726],[1.4074,42.4755],[1.4089,42.4812],[1.4116,42.4836],[1.4071,42.4872],[1.4074,42.4978],[1.3991,42.4997],[1.3956,42.5081],[1.3851,42.5141],[1.3871,42.5177],[1.3931,42.5207],[1.3925,42.5227],[1.3946,42.5268],[1.4077,42.5274],[1.4103,42.5339],[1.441,42.5434],[1.451,42.5392],[1.4556,42.5273]]]]},"properties":{"zhr":"6","ha":129450,"danger":1,"exposure":1,"nfr40":1316,"nfr60":1974}},{"type":"Feature","geometry":{"type":"Polygon","coordinates":[[[1.8941,42.3199],[1.9045,42.3176],[1.9084,42.3119],[1.9167,42.308],[1.9178,42.3035],[1.9402,42.3037],[1.9535,42.2941],[1.9655,42.2946],[1.9725,42.2988],[1.9725,42.3008],[1.9834,42.2972],[1.984,42.2997],[1.9861,42.3009],[1.9921,42.3005],[1.9964,42.3042],[2.003,42.3051],[2.0057,42.3076],[2.0166,42.3077],[2.0176,42.3101],[2.0198,42.3101],[2.0275,42.3061],[2.0379,42.305],[2.0396,42.3018],[2.0506,42.2958],[2.0594,42.2946],[2.0632,42.291],[2.0665,42.2902],[2.0714,42.2911],[2.0764,42.2867],[2.0808,42.2851],[2.0797,42.283],[2.0634,42.2785],[2.0586,42.2731],[2.0581,42.2695],[2.0511,42.2658],[2.0517,42.2593],[2.0496,42.2577],[2.0496,42.2556],[2.043,42.2548],[2.0405,42.243],[2.0487,42.2394],[2.0466,42.2337],[2.0494,42.2289],[2.0479,42.224],[2.0479,42.2208],[2.0496,42.22],[2.0415,42.2122],[2.0328,42.2109],[2.0273,42.2121],[2.0257,42.2145],[2.0213,42.212],[2.023,42.2088],[2.0225,42.2056],[2.0204,42.2051],[2.021,42.2011],[2.0188,42.2003],[2.0194,42.197],[2.0178,42.1954],[2.0102,42.1933],[2.0025,42.1945],[1.9944,42.1928],[1.9933,42.1948],[1.9851,42.1943],[1.9769,42.1983],[1.9687,42.197],[1.9643,42.199],[1.954,42.1993],[1.9518,42.1956],[1.953,42.19],[1.952,42.1867],[1.9449,42.1846],[1.9433,42.1822],[1.9349,42.1778],[1.9277,42.1767],[1.9258,42.175],[1.9244,42.1698],[1.918,42.1653],[1.9142,42.1665],[1.9142,42.1677],[1.9109,42.1677],[1.9104,42.1652],[1.9034,42.1587],[1.9052,42.151],[1.9031,42.1478],[1.8971,42.1449],[1.8913,42.1379],[1.8863,42.1391],[1.8756,42.1321],[1.8811,42.1273],[1.8788,42.1254],[1.8797,42.1239],[1.8667,42.1214],[1.865,42.1151],[1.8587,42.1132],[1.8488,42.1067],[1.8455,42.1067],[1.8444,42.1107],[1.846,42.1123],[1.8416,42.1139],[1.8369,42.1106],[1.8269,42.1071],[1.8224,42.1066],[1.8202,42.1091],[1.8165,42.1087],[1.7981,42.1049],[1.7923,42.1017],[1.7836,42.1024],[1.7862,42.1052],[1.7867,42.1097],[1.7889,42.1105],[1.7893,42.1134],[1.7877,42.1154],[1.7875,42.1223],[1.7853,42.1239],[1.7863,42.1292],[1.7846,42.1328],[1.7818,42.1364],[1.7763,42.1392],[1.7783,42.1477],[1.7663,42.1496],[1.7657,42.1537],[1.7541,42.1616],[1.7579,42.1645],[1.7572,42.1686],[1.7621,42.1723],[1.7609,42.1779],[1.7559,42.1791],[1.7553,42.1819],[1.7477,42.1851],[1.7449,42.1879],[1.7389,42.1886],[1.7218,42.1961],[1.7195,42.201],[1.7189,42.2083],[1.7161,42.2098],[1.7177,42.2111],[1.7181,42.2184],[1.7066,42.2207],[1.7082,42.2243],[1.7065,42.2251],[1.7064,42.2296],[1.7042,42.2308],[1.7041,42.2389],[1.6986,42.2409],[1.6974,42.2449],[1.6897,42.2476],[1.6896,42.2521],[1.6873,42.2553],[1.6846,42.2561],[1.6851,42.2606],[1.6905,42.2622],[1.6904,42.2651],[1.686,42.2675],[1.6876,42.2695],[1.6875,42.2736],[1.6935,42.2748],[1.6945,42.2769],[1.7131,42.2791],[1.7173,42.2832],[1.7353,42.2838],[1.7369,42.2887],[1.7423,42.292],[1.745,42.2904],[1.7505,42.2905],[1.7635,42.293],[1.7789,42.2904],[1.781,42.2928],[1.7881,42.2945],[1.7973,42.2946],[1.7973,42.2983],[1.8043,42.302],[1.8141,42.3021],[1.818,42.2997],[1.8267,42.2998],[1.8327,42.3011],[1.8364,42.3056],[1.8414,42.3056],[1.85,42.3106],[1.8576,42.3106],[1.8609,42.3135],[1.8636,42.3111],[1.8723,42.3136],[1.8784,42.3125],[1.8832,42.3153],[1.8832,42.3174],[1.8908,42.317],[1.8941,42.3199]]]},"properties":{"zhr":"14","ha":44219,"danger":3,"exposure":2,"nfr40":240,"nfr60":360}},{"type":"Feature","geometry":{"type":"Polygon","coordinates":[[[2.3654,42.3134],[2.3698,42.3109],[2.3699,42.3069],[2.3759,42.3053],[2.3764,42.3025],[2.3808,42.3021],[2.382,42.2952],[2.388,42.2912],[2.394,42.2912],[2.3962,42.288],[2.3892,42.2823],[2.3892,42.2786],[2.3838,42.2774],[2.3811,42.2725],[2.3778,42.2721],[2.3768,42.2676],[2.3741,42.2656],[2.3818,42.2559],[2.384,42.2555],[2.3835,42.2535],[2.3731,42.2522],[2.3699,42.2485],[2.3639,42.2485],[2.3601,42.2452],[2.3514,42.2448],[2.3432,42.2399],[2.345,42.2318],[2.3428,42.2305],[2.3434,42.2277],[2.3418,42.2257],[2.3445,42.2208],[2.3435,42.2184],[2.3359,42.2167],[2.3327,42.2102],[2.3354,42.205],[2.3464,42.2018],[2.3459,42.1969],[2.3486,42.1945],[2.3557,42.1933],[2.3563,42.1893],[2.358,42.1885],[2.358,42.1865],[2.3536,42.1828],[2.3559,42.1767],[2.3532,42.1743],[2.3538,42.1718],[2.3456,42.1681],[2.3396,42.1689],[2.3353,42.1653],[2.3315,42.1648],[2.3283,42.1624],[2.3135,42.1627],[2.3076,42.1582],[2.3011,42.1561],[2.3001,42.1472],[2.3012,42.144],[2.3089,42.1383],[2.3101,42.1302],[2.3041,42.1274],[2.3047,42.1225],[2.3036,42.1221],[2.3053,42.1168],[2.307,42.1165],[2.3065,42.1128],[2.3021,42.112],[2.3011,42.1095],[2.2946,42.1058],[2.2815,42.1058],[2.2717,42.102],[2.2625,42.1048],[2.2516,42.1031],[2.244,42.0998],[2.2396,42.1014],[2.231,42.0985],[2.2304,42.1026],[2.226,42.1062],[2.228,42.1159],[2.2297,42.1176],[2.2259,42.1167],[2.2226,42.1183],[2.2177,42.1155],[2.2177,42.1134],[2.2145,42.111],[2.2151,42.1094],[2.2129,42.1069],[2.2086,42.1057],[2.2042,42.1061],[2.202,42.1085],[2.1982,42.1084],[2.1965,42.1105],[2.1916,42.1108],[2.1943,42.1145],[2.2019,42.1154],[2.2018,42.1223],[2.1963,42.1279],[2.192,42.1279],[2.1876,42.1303],[2.1854,42.1339],[2.1761,42.1346],[2.1744,42.1366],[2.1712,42.135],[2.1679,42.1362],[2.1625,42.1353],[2.1624,42.1366],[2.1494,42.1353],[2.1483,42.1373],[2.1363,42.1404],[2.0954,42.1401],[2.0915,42.1458],[2.0839,42.1473],[2.0817,42.1461],[2.0648,42.1472],[2.0554,42.1441],[2.0478,42.1471],[2.0359,42.1485],[2.0238,42.1443],[2.0197,42.1411],[2.0045,42.1369],[1.991,42.129],[1.9722,42.1281],[1.9432,42.1303],[1.9332,42.1277],[1.905,42.1285],[1.8797,42.1239],[1.8788,42.1254],[1.8811,42.1273],[1.8756,42.1317],[1.8863,42.1391],[1.8913,42.1379],[1.8971,42.1449],[1.9031,42.1478],[1.9052,42.151],[1.9034,42.1587],[1.9104,42.1652],[1.9109,42.1677],[1.9142,42.1677],[1.9142,42.1665],[1.918,42.1653],[1.9244,42.1698],[1.9258,42.175],[1.9277,42.1767],[1.9349,42.1778],[1.9433,42.1822],[1.9449,42.1846],[1.952,42.1867],[1.953,42.19],[1.9518,42.1956],[1.954,42.1993],[1.9643,42.199],[1.9687,42.197],[1.9769,42.1983],[1.9851,42.1943],[1.9933,42.1948],[1.9944,42.1928],[2.0025,42.1945],[2.0102,42.1933],[2.0189,42.1962],[2.0188,42.2003],[2.021,42.2011],[2.0204,42.2051],[2.0225,42.2056],[2.023,42.2084],[2.0213,42.212],[2.0246,42.2145],[2.0273,42.2121],[2.0328,42.2109],[2.0442,42.2139],[2.0453,42.2167],[2.0496,42.22],[2.0479,42.2208],[2.0479,42.224],[2.0494,42.2289],[2.0466,42.2337],[2.0487,42.2394],[2.0405,42.243],[2.042,42.2523],[2.0447,42.2556],[2.0496,42.2556],[2.0496,42.2577],[2.0517,42.2593],[2.0511,42.2658],[2.0581,42.2695],[2.0586,42.2731],[2.0656,42.2801],[2.0705,42.2801],[2.0797,42.283],[2.0808,42.2855],[2.0884,42.2864],[2.1011,42.28],[2.1038,42.2804],[2.1082,42.278],[2.1317,42.2725],[2.1692,42.2697],[2.1901,42.2714],[2.1939,42.2721],[2.21,42.2808],[2.2201,42.2784],[2.226,42.2813],[2.238,42.2818],[2.2696,42.2877],[2.2788,42.2946],[2.3001,42.2943],[2.3214,42.2965],[2.3388,42.3027],[2.3519,42.3052],[2.3556,42.308],[2.3567,42.3109],[2.3654,42.3134]]]},"properties":{"zhr":"15","ha":51425,"danger":3,"exposure":2,"nfr40":1205,"nfr60":1807}},{"type":"Feature","geometry":{"type":"Polygon","coordinates":[[[2.9675,42.4656],[2.9803,42.4682],[2.9836,42.4722],[2.989,42.4751],[3.0014,42.4738],[3.0046,42.4702],[3.0128,42.4666],[3.0192,42.4706],[3.0312,42.4747],[3.0396,42.4741],[3.0482,42.4562],[3.0583,42.4457],[3.0669,42.4427],[3.0704,42.4356],[3.0764,42.4353],[3.0809,42.4283],[3.0776,42.4257],[3.0776,42.4188],[3.0749,42.4148],[3.0776,42.4071],[3.077,42.3896],[3.0787,42.3876],[3.0786,42.3824],[3.0825,42.3759],[3.0912,42.3678],[3.0901,42.3613],[3.0824,42.3605],[3.0781,42.3552],[3.0726,42.3528],[3.0693,42.3536],[3.0671,42.3443],[3.0603,42.3499],[3.0596,42.3543],[3.0557,42.3528],[3.0536,42.3575],[3.0489,42.3558],[3.0444,42.3573],[3.0419,42.3544],[3.0363,42.3552],[3.0322,42.3514],[3.0327,42.3418],[3.0349,42.3406],[3.0349,42.3378],[3.0409,42.3273],[3.0431,42.3268],[3.0485,42.3212],[3.0507,42.3159],[3.0578,42.3151],[3.0622,42.3127],[3.0601,42.3085],[3.0634,42.2989],[3.0597,42.2983],[3.0447,42.3074],[3.042,42.3143],[3.0371,42.3171],[3.0349,42.324],[3.0316,42.3248],[3.0283,42.3228],[3.0223,42.326],[3.0169,42.326],[3.013,42.3212],[3.0081,42.3192],[3.0032,42.3208],[3.0016,42.326],[2.9956,42.3317],[2.9917,42.3297],[2.9879,42.3317],[2.9819,42.3301],[2.9803,42.3329],[2.9786,42.3297],[2.9792,42.3208],[2.9683,42.3228],[2.9639,42.3208],[2.9633,42.3187],[2.9595,42.3191],[2.9595,42.3179],[2.9557,42.3179],[2.9541,42.3159],[2.9508,42.3155],[2.9399,42.3183],[2.9388,42.32],[2.9278,42.3159],[2.9213,42.3199],[2.9213,42.322],[2.9115,42.3256],[2.9147,42.3293],[2.9213,42.3297],[2.9251,42.3317],[2.924,42.3329],[2.9251,42.3353],[2.9142,42.3473],[2.9023,42.3543],[2.9005,42.361],[2.8957,42.3634],[2.8954,42.37],[2.8917,42.3738],[2.8883,42.3825],[2.8835,42.387],[2.8822,42.3941],[2.8775,42.3996],[2.8705,42.4248],[2.8607,42.4331],[2.8604,42.4351],[2.8642,42.4379],[2.8631,42.4435],[2.8657,42.4452],[2.8652,42.448],[2.8672,42.4503],[2.8634,42.4636],[2.8703,42.4676],[2.8766,42.4653],[2.8825,42.4602],[2.8941,42.4613],[2.9048,42.457],[2.9182,42.4564],[2.9245,42.4589],[2.925,42.4643],[2.9307,42.4729],[2.937,42.4756],[2.9386,42.4778],[2.9452,42.4796],[2.9469,42.4821],[2.9498,42.4788],[2.9604,42.4737],[2.9675,42.4656]]]},"properties":{"zhr":"10","ha":24237,"danger":4,"exposure":4,"nfr40":49,"nfr60":73}},{"type":"Feature","geometry":{"type":"MultiPolygon","coordinates":[[[[3.2933,42.2818],[3.2917,42.2813],[3.2917,42.2823],[3.2933,42.2818]]],[[[3.3096,42.2919],[3.3083,42.292],[3.309,42.2924],[3.3096,42.2919]]],[[[3.2965,42.2904],[3.2935,42.2921],[3.2947,42.2942],[3.2965,42.2936],[3.2965,42.2904]]],[[[3.2962,42.2951],[3.2965,42.2941],[3.2953,42.2947],[3.2962,42.2951]]],[[[3.3314,42.3202],[3.3317,42.3191],[3.3314,42.3193],[3.3314,42.3202]]],[[[3.3182,42.3244],[3.3222,42.3234],[3.3236,42.3214],[3.3182,42.3244]]],[[[3.3057,42.328],[3.3049,42.3273],[3.3045,42.3273],[3.3057,42.328]]],[[[3.2861,42.3334],[3.2863,42.3322],[3.2858,42.3333],[3.2861,42.3334]]],[[[3.2434,42.3393],[3.2417,42.3397],[3.2415,42.3409],[3.2423,42.341],[3.2434,42.3393]]],[[[3.1661,42.402],[3.1663,42.401],[3.1656,42.4015],[3.1661,42.402]]],[[[3.1242,42.4351],[3.1341,42.4357],[3.1451,42.4331],[3.1516,42.4351],[3.1567,42.4335],[3.1625,42.4356],[3.1757,42.435],[3.175,42.4335],[3.1712,42.4335],[3.1687,42.4301],[3.1636,42.4306],[3.164,42.4296],[3.1615,42.4285],[3.1702,42.4243],[3.1681,42.4206],[3.1705,42.4166],[3.1662,42.4149],[3.1645,42.4131],[3.1652,42.4115],[3.1566,42.4059],[3.1572,42.4045],[3.1632,42.4042],[3.1654,42.4012],[3.1541,42.3941],[3.1537,42.3921],[3.1602,42.389],[3.1627,42.3915],[3.1668,42.3891],[3.1624,42.3866],[3.1624,42.3849],[3.1605,42.3856],[3.1584,42.3809],[3.1559,42.3795],[3.1598,42.3714],[3.1619,42.3715],[3.1609,42.3731],[3.1626,42.374],[3.1613,42.3727],[3.1638,42.372],[3.1627,42.3732],[3.1644,42.3742],[3.1625,42.3749],[3.165,42.3743],[3.1639,42.373],[3.1668,42.3681],[3.1633,42.3648],[3.1643,42.3624],[3.1631,42.3605],[3.1687,42.3576],[3.1714,42.3578],[3.1711,42.3565],[3.1776,42.3544],[3.1777,42.3532],[3.1828,42.3535],[3.1814,42.3519],[3.1825,42.3509],[3.1882,42.351],[3.1854,42.344],[3.1899,42.3421],[3.195,42.3363],[3.1982,42.3352],[3.2017,42.3366],[3.2034,42.3409],[3.2001,42.3413],[3.2034,42.347],[3.2102,42.3437],[3.2123,42.347],[3.2147,42.3466],[3.2151,42.3491],[3.2183,42.3497],[3.2229,42.3474],[3.2239,42.3491],[3.2268,42.3493],[3.2275,42.3513],[3.2304,42.351],[3.2316,42.3496],[3.2358,42.35],[3.2382,42.3484],[3.2377,42.3444],[3.2359,42.3435],[3.2408,42.3398],[3.2395,42.3379],[3.2411,42.3376],[3.2408,42.3356],[3.2461,42.3365],[3.2469,42.3322],[3.2497,42.3298],[3.2516,42.3309],[3.25,42.333],[3.2505,42.3358],[3.2532,42.3333],[3.2557,42.3355],[3.26,42.3335],[3.26,42.3349],[3.2622,42.3344],[3.2614,42.3374],[3.263,42.3366],[3.2615,42.3402],[3.2674,42.3403],[3.2703,42.3377],[3.2785,42.3362],[3.2793,42.3353],[3.2778,42.3348],[3.2796,42.3344],[3.2775,42.3326],[3.2851,42.3315],[3.2868,42.3286],[3.2861,42.3254],[3.2894,42.3291],[3.2924,42.3273],[3.2941,42.3298],[3.3004,42.3263],[3.3079,42.3265],[3.3071,42.3251],[3.3089,42.3232],[3.3068,42.3225],[3.3108,42.3202],[3.311,42.3247],[3.322,42.3197],[3.3203,42.3168],[3.3151,42.3176],[3.3186,42.3147],[3.316,42.3141],[3.3112,42.3178],[3.3124,42.3131],[3.3077,42.3139],[3.3074,42.3107],[3.3059,42.3105],[3.3062,42.3132],[3.3036,42.3113],[3.3041,42.3099],[3.3029,42.3111],[3.3016,42.3101],[3.3023,42.3082],[3.2982,42.3067],[3.2998,42.3044],[3.2954,42.3046],[3.2948,42.307],[3.2911,42.3072],[3.2892,42.3068],[3.2898,42.3043],[3.2866,42.3035],[3.2928,42.3018],[3.2918,42.299],[3.2885,42.2976],[3.291,42.2973],[3.2919,42.2951],[3.2878,42.2944],[3.2865,42.2927],[3.2908,42.2896],[3.2903,42.2923],[3.2961,42.2896],[3.299,42.2845],[3.296,42.2856],[3.2969,42.2838],[3.2906,42.2823],[3.2884,42.2836],[3.2877,42.2826],[3.2872,42.2849],[3.2832,42.2858],[3.2807,42.2883],[3.2768,42.287],[3.2768,42.283],[3.2805,42.2818],[3.2794,42.2815],[3.2803,42.2805],[3.277,42.2812],[3.2769,42.2798],[3.2827,42.2736],[3.2832,42.2705],[3.2865,42.2712],[3.2861,42.2676],[3.2875,42.2661],[3.2808,42.2583],[3.2796,42.2556],[3.2812,42.2541],[3.2789,42.255],[3.2791,42.2535],[3.2763,42.2528],[3.266,42.2538],[3.2616,42.2512],[3.2562,42.2519],[3.2546,42.2535],[3.2534,42.2526],[3.2563,42.2492],[3.2528,42.2465],[3.2539,42.2442],[3.2658,42.2438],[3.264,42.238],[3.2609,42.2375],[3.2492,42.2405],[3.244,42.2493],[3.2403,42.251],[3.2375,42.2477],[3.2274,42.251],[3.2269,42.2492],[3.2299,42.2443],[3.227,42.2445],[3.2259,42.242],[3.2286,42.2406],[3.2243,42.2397],[3.2261,42.2377],[3.2201,42.2366],[3.2207,42.2341],[3.2187,42.2325],[3.2163,42.2351],[3.2072,42.2376],[3.2089,42.2393],[3.2078,42.2405],[3.1978,42.2426],[3.1966,42.247],[3.1818,42.2456],[3.1805,42.248],[3.1815,42.251],[3.1778,42.251],[3.1808,42.2518],[3.1802,42.2556],[3.1785,42.2555],[3.1785,42.2525],[3.1779,42.2561],[3.1864,42.26],[3.1836,42.2635],[3.187,42.2671],[3.1904,42.2691],[3.1987,42.2691],[3.1837,42.2788],[3.1837,42.2854],[3.1891,42.2892],[3.1768,42.289],[3.1617,42.2921],[3.1539,42.2968],[3.1533,42.2995],[3.1447,42.3028],[3.1382,42.31],[3.1293,42.3137],[3.1233,42.3182],[3.1184,42.3189],[3.117,42.3215],[3.115,42.3204],[3.1039,42.3225],[3.1022,42.3237],[3.1033,42.3247],[3.0988,42.3248],[3.0982,42.3264],[3.0922,42.3256],[3.085,42.3309],[3.0655,42.3394],[3.0677,42.3426],[3.0677,42.3495],[3.0693,42.3536],[3.0726,42.3528],[3.0781,42.3552],[3.0824,42.3605],[3.0896,42.3609],[3.0912,42.3661],[3.0885,42.371],[3.0836,42.3742],[3.0786,42.3824],[3.0765,42.3982],[3.0776,42.4071],[3.0749,42.4123],[3.0754,42.4164],[3.0776,42.4188],[3.0776,42.4257],[3.0809,42.4283],[3.0866,42.4253],[3.0987,42.4253],[3.1025,42.427],[3.1092,42.4351],[3.1159,42.4359],[3.1196,42.438],[3.1242,42.4351]]]]},"properties":{"zhr":"11","ha":19719,"danger":4,"exposure":4,"nfr40":26,"nfr60":39}},{"type":"Feature","geometry":{"type":"Polygon","coordinates":[[[3.0536,42.3575],[3.0557,42.3528],[3.0596,42.3543],[3.0603,42.3499],[3.0677,42.3443],[3.0655,42.3394],[3.085,42.3309],[3.0922,42.3256],[3.0982,42.3264],[3.0988,42.3248],[3.1033,42.3247],[3.1022,42.3237],[3.1039,42.3225],[3.115,42.3204],[3.117,42.3215],[3.1184,42.3189],[3.1233,42.3182],[3.1293,42.3137],[3.1382,42.31],[3.1447,42.3028],[3.1533,42.2995],[3.1539,42.2968],[3.1617,42.2921],[3.1768,42.289],[3.1891,42.2892],[3.1837,42.2854],[3.1837,42.2788],[3.1987,42.2691],[3.1904,42.2691],[3.187,42.2671],[3.1836,42.2635],[3.1864,42.26],[3.1802,42.2575],[3.1745,42.2612],[3.169,42.2592],[3.1743,42.2615],[3.1718,42.2641],[3.1647,42.2644],[3.1563,42.2621],[3.1511,42.2596],[3.1515,42.2581],[3.1507,42.2573],[3.1508,42.2592],[3.1425,42.254],[3.1352,42.2476],[3.1364,42.2466],[3.1364,42.2458],[3.1346,42.2471],[3.1357,42.2455],[3.1309,42.2427],[3.1218,42.2311],[3.1173,42.223],[3.1112,42.2023],[3.1116,42.1745],[3.1144,42.156],[3.1198,42.1375],[3.1237,42.136],[3.1217,42.1347],[3.1234,42.1335],[3.1226,42.1313],[3.1245,42.131],[3.1234,42.1286],[3.1253,42.1273],[3.1358,42.1273],[3.1383,42.122],[3.1369,42.1171],[3.1379,42.1161],[3.1453,42.1156],[3.1464,42.1167],[3.1454,42.1176],[3.149,42.1172],[3.145,42.119],[3.1522,42.1197],[3.159,42.1153],[3.163,42.1154],[3.1645,42.1132],[3.1692,42.1151],[3.1713,42.1144],[3.1726,42.1117],[3.1766,42.1115],[3.1743,42.1075],[3.1609,42.1079],[3.1592,42.1071],[3.1579,42.1029],[3.1467,42.1008],[3.1452,42.0991],[3.1412,42.0993],[3.1386,42.0924],[3.1417,42.091],[3.1475,42.0754],[3.1405,42.0739],[3.1335,42.0755],[3.1207,42.0746],[3.114,42.0777],[3.1075,42.0778],[3.1037,42.0764],[3.1041,42.074],[3.1099,42.0693],[3.1027,42.0695],[3.1033,42.0654],[3.1147,42.054],[3.1305,42.046],[3.1501,42.0493],[3.154,42.0542],[3.157,42.0532],[3.1585,42.0558],[3.167,42.058],[3.1778,42.0548],[3.1832,42.0515],[3.1942,42.0533],[3.1974,42.0575],[3.2064,42.0541],[3.2006,42.0531],[3.2052,42.0517],[3.2002,42.0515],[3.1961,42.0433],[3.1946,42.0215],[3.1998,41.995],[3.2081,41.9804],[3.1985,41.9822],[3.1904,41.9817],[3.1883,41.979],[3.1852,41.9784],[3.1869,41.9759],[3.1805,41.9751],[3.1796,41.977],[3.1732,41.9778],[3.1698,41.976],[3.1689,41.9783],[3.1654,41.9792],[3.1653,41.9738],[3.1679,41.9692],[3.1669,41.9679],[3.1604,41.9656],[3.1564,41.9675],[3.1524,41.9653],[3.1557,41.9603],[3.1677,41.9539],[3.1731,41.9534],[3.1776,41.956],[3.1785,41.9546],[3.1787,41.9517],[3.1758,41.9512],[3.1751,41.949],[3.1725,41.9477],[3.1788,41.9429],[3.1748,41.9421],[3.1722,41.9367],[3.1764,41.9279],[3.1745,41.927],[3.173,41.9206],[3.1589,41.921],[3.1568,41.9182],[3.1533,41.922],[3.1489,41.9228],[3.1388,41.9292],[3.1299,41.9306],[3.1266,41.9375],[3.1214,41.9434],[3.1229,41.9446],[3.1258,41.9557],[3.1241,41.9592],[3.1245,41.9631],[3.1214,41.969],[3.1179,41.9707],[3.1107,41.9656],[3.1074,41.9669],[3.1051,41.966],[3.1015,41.9618],[3.0915,41.9575],[3.0854,41.9517],[3.083,41.9471],[3.0808,41.9467],[3.0814,41.9446],[3.0568,41.9484],[3.0489,41.9433],[3.0396,41.943],[3.0341,41.9402],[3.0314,41.9357],[3.0244,41.9345],[3.02,41.928],[3.0178,41.9285],[3.0162,41.9305],[3.0151,41.9398],[3.0075,41.9435],[3.0075,41.9459],[3.0026,41.9459],[3.0026,41.9487],[2.9967,41.956],[3.001,41.9621],[3.0054,41.9621],[3.0086,41.9674],[3.0162,41.9714],[3.0189,41.9783],[3.0249,41.9807],[3.0255,41.9824],[3.0162,41.9828],[3.0119,41.9872],[3.0147,41.9907],[3.0151,41.9974],[3.019,42.001],[3.0194,42.0038],[3.0116,42.0153],[3.0112,42.0215],[3.0035,42.0258],[2.9995,42.03],[2.9967,42.0367],[2.9993,42.0459],[2.9984,42.0513],[3.003,42.0519],[3.0043,42.0538],[3.0017,42.0555],[2.998,42.0552],[2.9957,42.0685],[2.9891,42.0788],[2.9789,42.0851],[2.9767,42.0833],[2.9786,42.0774],[2.9779,42.0668],[2.9696,42.0581],[2.9622,42.0564],[2.9591,42.0525],[2.9559,42.0517],[2.957,42.0452],[2.9496,42.0446],[2.9406,42.0413],[2.9342,42.0435],[2.9304,42.0414],[2.8546,42.0224],[2.8521,42.0232],[2.8468,42.0291],[2.8384,42.0296],[2.8306,42.0277],[2.8276,42.0203],[2.8233,42.0199],[2.8184,42.0163],[2.8189,42.0142],[2.8146,42.0134],[2.8135,42.0138],[2.8188,42.0313],[2.8148,42.0435],[2.8092,42.0452],[2.8142,42.0488],[2.8123,42.0535],[2.8107,42.0519],[2.8063,42.0527],[2.8004,42.0503],[2.7927,42.0519],[2.7846,42.0502],[2.7797,42.0555],[2.7933,42.0584],[2.796,42.0612],[2.8014,42.0632],[2.7953,42.0675],[2.7864,42.0651],[2.7848,42.066],[2.7877,42.07],[2.7844,42.0732],[2.7817,42.0736],[2.775,42.0808],[2.7743,42.0853],[2.768,42.089],[2.7626,42.0879],[2.7624,42.0915],[2.7597,42.0915],[2.7576,42.0892],[2.7471,42.0929],[2.7351,42.0932],[2.7273,42.0967],[2.7259,42.0988],[2.729,42.1001],[2.736,42.0967],[2.739,42.0977],[2.7389,42.1035],[2.7413,42.1072],[2.7337,42.1143],[2.7323,42.118],[2.7366,42.1206],[2.7381,42.1236],[2.7359,42.127],[2.7427,42.1296],[2.7435,42.1333],[2.7407,42.1365],[2.7437,42.1379],[2.741,42.1384],[2.7401,42.1412],[2.7331,42.1454],[2.7342,42.1478],[2.7331,42.1502],[2.7363,42.1556],[2.7349,42.1599],[2.7445,42.1634],[2.7386,42.1692],[2.7207,42.169],[2.7195,42.1693],[2.7201,42.1711],[2.7287,42.1731],[2.7386,42.1797],[2.7455,42.1819],[2.7444,42.1843],[2.7422,42.1847],[2.7427,42.1863],[2.746,42.188],[2.746,42.1896],[2.7492,42.1904],[2.7503,42.1945],[2.7547,42.1961],[2.7536,42.1989],[2.7546,42.201],[2.7579,42.205],[2.7606,42.2058],[2.7601,42.2095],[2.7628,42.2103],[2.7622,42.2176],[2.7682,42.2204],[2.7737,42.216],[2.7802,42.2152],[2.7857,42.2063],[2.7879,42.2043],[2.7922,42.2051],[2.7966,42.1986],[2.807,42.2002],[2.8141,42.197],[2.819,42.197],[2.8228,42.1934],[2.8255,42.1962],[2.825,42.1987],[2.8299,42.1962],[2.8331,42.1991],[2.8342,42.2031],[2.832,42.2068],[2.8326,42.2092],[2.8266,42.2169],[2.8271,42.2201],[2.8315,42.2169],[2.838,42.2193],[2.8424,42.2157],[2.8451,42.2161],[2.8456,42.2189],[2.8391,42.225],[2.8358,42.2347],[2.8401,42.2339],[2.8412,42.2352],[2.845,42.2327],[2.8451,42.2266],[2.8494,42.2275],[2.8532,42.2242],[2.8538,42.2218],[2.8598,42.2226],[2.8603,42.2214],[2.862,42.2246],[2.8669,42.2259],[2.8718,42.2198],[2.8783,42.2263],[2.8849,42.2275],[2.8859,42.2356],[2.8903,42.2425],[2.8963,42.2421],[2.8974,42.2437],[2.9028,42.2441],[2.9154,42.2429],[2.9192,42.2446],[2.9192,42.2498],[2.9094,42.2506],[2.9121,42.2527],[2.9181,42.2531],[2.9186,42.2551],[2.9137,42.2612],[2.9137,42.2677],[2.9088,42.2697],[2.9077,42.2745],[2.9039,42.2774],[2.9055,42.2826],[2.8995,42.2851],[2.8968,42.2826],[2.894,42.2826],[2.8935,42.2855],[2.8962,42.2871],[2.8957,42.2928],[2.8907,42.2972],[2.8886,42.2972],[2.8886,42.3013],[2.8907,42.3041],[2.8885,42.3061],[2.8891,42.3102],[2.8869,42.3114],[2.8858,42.3175],[2.8896,42.3232],[2.8891,42.3268],[2.894,42.3276],[2.9005,42.3256],[2.9005,42.3276],[2.9054,42.3288],[2.9071,42.326],[2.9104,42.3244],[2.912,42.3256],[2.9213,42.322],[2.9213,42.3199],[2.9278,42.3159],[2.9388,42.32],[2.9399,42.3183],[2.9508,42.3155],[2.9541,42.3159],[2.9557,42.3179],[2.9595,42.3179],[2.9595,42.3191],[2.9633,42.3187],[2.9639,42.3208],[2.9683,42.3228],[2.9792,42.3208],[2.9786,42.3297],[2.9803,42.3329],[2.9819,42.3301],[2.9879,42.3317],[2.9917,42.3297],[2.9956,42.3317],[3.0016,42.326],[3.0032,42.3208],[3.0081,42.3192],[3.013,42.3212],[3.0169,42.326],[3.0223,42.326],[3.0283,42.3228],[3.0316,42.3248],[3.0349,42.324],[3.0371,42.3171],[3.042,42.3143],[3.0447,42.3074],[3.0597,42.2983],[3.0634,42.2989],[3.0601,42.3085],[3.0622,42.3127],[3.0578,42.3151],[3.0502,42.3163],[3.0485,42.3212],[3.0376,42.3317],[3.0322,42.3451],[3.0322,42.3514],[3.0363,42.3552],[3.0419,42.3544],[3.0444,42.3573],[3.0489,42.3558],[3.0536,42.3575]]]},"properties":{"zhr":"17","ha":101331,"danger":2,"exposure":3,"nfr40":718,"nfr60":1076}},{"type":"Feature","geometry":{"type":"MultiPolygon","coordinates":[[[[3.2278,42.0415],[3.2278,42.0421],[3.2285,42.0419],[3.2278,42.0415]]],[[[3.2267,42.0449],[3.2248,42.0427],[3.2236,42.0444],[3.2267,42.0449]]],[[[3.2243,42.0501],[3.2265,42.0478],[3.223,42.045],[3.2187,42.048],[3.2234,42.0487],[3.2243,42.0501]]],[[[3.205,42.0735],[3.206,42.0742],[3.2062,42.0734],[3.205,42.0735]]],[[[3.1714,42.1033],[3.179,42.1032],[3.1817,42.1051],[3.1815,42.1034],[3.1846,42.1016],[3.1838,42.0995],[3.1873,42.098],[3.1875,42.0958],[3.1926,42.0909],[3.1919,42.0897],[3.1947,42.0872],[3.1952,42.0838],[3.198,42.0836],[3.1992,42.0814],[3.2011,42.0828],[3.2021,42.0813],[3.1983,42.0802],[3.198,42.0777],[3.2037,42.0747],[3.2024,42.0735],[3.2066,42.0721],[3.2077,42.0695],[3.2118,42.0686],[3.2087,42.0656],[3.2106,42.0636],[3.2096,42.0615],[3.2133,42.0613],[3.2115,42.0542],[3.2034,42.0522],[3.2064,42.0541],[3.1974,42.0575],[3.1942,42.0533],[3.1832,42.0515],[3.1778,42.0548],[3.167,42.058],[3.1585,42.0558],[3.157,42.0532],[3.154,42.0542],[3.1501,42.0493],[3.1305,42.046],[3.1147,42.054],[3.1033,42.0654],[3.1027,42.0695],[3.1099,42.0693],[3.1041,42.074],[3.1037,42.0764],[3.1075,42.0778],[3.114,42.0777],[3.1207,42.0746],[3.1335,42.0755],[3.1405,42.0739],[3.1475,42.0754],[3.1417,42.091],[3.1386,42.0924],[3.142,42.0998],[3.1452,42.0991],[3.1467,42.1008],[3.1579,42.1029],[3.1592,42.1071],[3.1609,42.1079],[3.1688,42.1069],[3.1714,42.1033]]]]},"properties":{"zhr":"18","ha":3474,"danger":3,"exposure":4,"nfr40":36,"nfr60":54}},{"type":"Feature","geometry":{"type":"Polygon","coordinates":[[[3.1904,41.9817],[3.2081,41.9804],[3.2107,41.9772],[3.2106,41.973],[3.2217,41.9743],[3.2263,41.9701],[3.2297,41.9693],[3.2314,41.966],[3.2263,41.9641],[3.2301,41.9627],[3.2295,41.9607],[3.2316,41.9594],[3.2331,41.9617],[3.2342,41.962],[3.2334,41.9587],[3.2288,41.9551],[3.2329,41.9502],[3.2171,41.9426],[3.2183,41.9407],[3.2144,41.9363],[3.2164,41.9342],[3.2201,41.9351],[3.2175,41.9319],[3.2197,41.9324],[3.2144,41.9291],[3.2178,41.9286],[3.2188,41.9268],[3.2161,41.9241],[3.2178,41.9244],[3.2173,41.9226],[3.2199,41.9223],[3.2152,41.9214],[3.2164,41.9186],[3.2074,41.9177],[3.209,41.9147],[3.207,41.913],[3.2115,41.9094],[3.2063,41.908],[3.2093,41.9039],[3.2078,41.9006],[3.2046,41.9003],[3.2027,41.8917],[3.194,41.8937],[3.1902,41.8882],[3.1825,41.887],[3.1812,41.8845],[3.1822,41.8815],[3.1781,41.8793],[3.1811,41.8765],[3.1772,41.8729],[3.1781,41.871],[3.1763,41.8702],[3.1779,41.8684],[3.1767,41.8665],[3.173,41.866],[3.172,41.864],[3.1593,41.8611],[3.1586,41.8597],[3.155,41.8656],[3.1506,41.8684],[3.1448,41.8793],[3.1464,41.8803],[3.1469,41.8856],[3.1534,41.8902],[3.1557,41.899],[3.1623,41.9051],[3.1568,41.9182],[3.1589,41.921],[3.1741,41.921],[3.1745,41.927],[3.1758,41.9271],[3.1762,41.9293],[3.1732,41.9325],[3.1722,41.9367],[3.1748,41.9421],[3.1788,41.9429],[3.1725,41.9477],[3.1787,41.9529],[3.1776,41.956],[3.1731,41.9534],[3.166,41.9546],[3.1557,41.9603],[3.1524,41.9653],[3.1564,41.9675],[3.1604,41.9656],[3.1669,41.9679],[3.1679,41.9692],[3.1653,41.9738],[3.1654,41.9792],[3.1689,41.9783],[3.1698,41.976],[3.1732,41.9778],[3.1796,41.977],[3.1805,41.9751],[3.186,41.9755],[3.1852,41.9784],[3.1883,41.979],[3.1904,41.9817]]]},"properties":{"zhr":"32","ha":5011,"danger":2,"exposure":4,"nfr40":209,"nfr60":314}},{"type":"Feature","geometry":{"type":"Polygon","coordinates":[[[2.9957,42.0685],[2.998,42.0552],[3.0017,42.0555],[3.0043,42.0538],[3.003,42.0519],[2.9984,42.0513],[2.9993,42.0459],[2.9967,42.0367],[2.9995,42.03],[3.0035,42.0258],[3.0112,42.0215],[3.0116,42.0153],[3.0194,42.0038],[3.019,42.001],[3.0151,41.9974],[3.0147,41.9907],[3.0119,41.9872],[3.0162,41.9828],[3.0249,41.9828],[3.0255,41.9811],[3.0189,41.9783],[3.0162,41.9714],[3.0086,41.9674],[3.0054,41.9621],[3.001,41.9621],[2.9967,41.9556],[2.9988,41.9548],[3.0005,41.9499],[3.0026,41.9487],[3.0026,41.9459],[3.0075,41.9459],[3.0075,41.9435],[3.0151,41.9398],[3.0162,41.9305],[3.0178,41.9285],[3.02,41.928],[3.0244,41.9345],[3.0314,41.9357],[3.0341,41.9402],[3.0396,41.943],[3.0489,41.9433],[3.0568,41.9484],[3.0814,41.9446],[3.0808,41.9467],[3.083,41.9471],[3.0854,41.9517],[3.0915,41.9575],[3.1015,41.9618],[3.1051,41.966],[3.1074,41.9669],[3.1107,41.9656],[3.1179,41.9707],[3.1199,41.9706],[3.1245,41.9631],[3.1241,41.9592],[3.1258,41.9557],[3.1229,41.9446],[3.1214,41.9434],[3.1266,41.9375],[3.1289,41.9319],[3.1309,41.93],[3.1388,41.9292],[3.155,41.9207],[3.159,41.9152],[3.1623,41.9061],[3.1557,41.899],[3.1534,41.8902],[3.1469,41.8856],[3.1464,41.8803],[3.1448,41.8793],[3.1506,41.8684],[3.1538,41.8668],[3.1561,41.863],[3.1538,41.8613],[3.1502,41.8615],[3.1494,41.8588],[3.1427,41.8573],[3.1424,41.8548],[3.1454,41.8517],[3.1444,41.8499],[3.1323,41.8464],[3.1322,41.8429],[3.1291,41.8411],[3.128,41.8423],[3.1207,41.8413],[3.1276,41.8433],[3.1274,41.8448],[3.1247,41.8452],[3.1273,41.8457],[3.123,41.848],[3.1142,41.8485],[3.1022,41.8452],[3.1023,41.844],[3.0998,41.8434],[3.0929,41.8371],[3.0926,41.8325],[3.0896,41.8329],[3.0838,41.8264],[3.0731,41.8212],[3.0673,41.8119],[3.0645,41.8024],[3.0628,41.8052],[3.0573,41.8064],[3.0579,41.8085],[3.0541,41.8093],[3.0519,41.8117],[3.0426,41.8124],[3.0286,41.8064],[3.0023,41.8105],[2.9981,41.8096],[2.9924,41.8129],[2.983,41.8153],[2.9777,41.8199],[2.9758,41.8238],[2.971,41.827],[2.9463,41.8271],[2.9307,41.8313],[2.9306,41.8344],[2.9338,41.8372],[2.9484,41.8385],[2.9495,41.8401],[2.9576,41.8417],[2.9604,41.8494],[2.9598,41.8527],[2.962,41.8543],[2.9562,41.8573],[2.951,41.8538],[2.9419,41.8599],[2.9273,41.8587],[2.9235,41.8559],[2.9219,41.8571],[2.9164,41.8567],[2.9116,41.8587],[2.9105,41.8615],[2.9067,41.8607],[2.8991,41.8628],[2.8909,41.8688],[2.8897,41.8728],[2.8821,41.8765],[2.8791,41.8893],[2.8716,41.8899],[2.8655,41.8928],[2.8535,41.9062],[2.8507,41.9159],[2.8505,41.9267],[2.8427,41.9347],[2.8402,41.9417],[2.8381,41.9434],[2.8398,41.9484],[2.8383,41.9528],[2.8414,41.96],[2.8411,41.9646],[2.8448,41.9679],[2.8365,41.9694],[2.8353,41.9723],[2.8235,41.976],[2.8244,41.9862],[2.8234,41.9924],[2.8223,41.9924],[2.8229,41.9971],[2.8173,42.0082],[2.8186,42.0102],[2.8278,42.0149],[2.828,42.0234],[2.8306,42.0277],[2.8399,42.0298],[2.8455,42.0294],[2.8546,42.0224],[2.9304,42.0414],[2.9342,42.0435],[2.9406,42.0413],[2.9496,42.0446],[2.957,42.0452],[2.9559,42.0517],[2.9591,42.0525],[2.9622,42.0564],[2.9696,42.0581],[2.9779,42.0668],[2.9775,42.0851],[2.9822,42.0838],[2.9891,42.0788],[2.9957,42.0685]]]},"properties":{"zhr":"31","ha":45295,"danger":4,"exposure":4,"nfr40":84,"nfr60":126}},{"type":"Feature","geometry":{"type":"Polygon","coordinates":[[[2.7422,42.0453],[2.746,42.0429],[2.7509,42.034],[2.7542,42.0336],[2.7553,42.0303],[2.7575,42.0299],[2.7624,42.0336],[2.7678,42.0263],[2.7727,42.0275],[2.7738,42.0259],[2.7781,42.0259],[2.7782,42.0231],[2.7814,42.0219],[2.7825,42.0134],[2.7853,42.013],[2.7891,42.0089],[2.7961,42.0065],[2.7962,42.0045],[2.8005,41.9992],[2.8038,42.0],[2.8038,42.0037],[2.8114,42.0021],[2.8099,42.0079],[2.8123,42.0132],[2.8189,42.0142],[2.8184,42.0163],[2.8206,42.0183],[2.8276,42.0203],[2.8278,42.0149],[2.8186,42.0102],[2.8173,42.0082],[2.8229,41.9971],[2.8223,41.9924],[2.8234,41.9924],[2.8244,41.9862],[2.8235,41.976],[2.8353,41.9723],[2.8365,41.9694],[2.8448,41.9679],[2.8411,41.9646],[2.8414,41.96],[2.8383,41.9528],[2.8398,41.9484],[2.8381,41.9434],[2.8402,41.9417],[2.8427,41.9347],[2.8505,41.9267],[2.8507,41.9159],[2.8535,41.9062],[2.8655,41.8928],[2.8716,41.8899],[2.8791,41.8893],[2.8821,41.8765],[2.8897,41.8728],[2.8909,41.8688],[2.8991,41.8628],[2.9067,41.8607],[2.9105,41.8615],[2.9116,41.8587],[2.9229,41.8559],[2.9273,41.8587],[2.9338,41.8587],[2.9349,41.8599],[2.9419,41.8599],[2.951,41.8538],[2.9562,41.8573],[2.9604,41.856],[2.962,41.8539],[2.9598,41.8527],[2.9604,41.8494],[2.9576,41.8417],[2.9495,41.8401],[2.9484,41.8385],[2.9338,41.8372],[2.9306,41.834],[2.9262,41.8328],[2.9219,41.8336],[2.9192,41.8291],[2.9105,41.8283],[2.9094,41.8222],[2.9022,41.8196],[2.8984,41.8135],[2.8935,41.8104],[2.8795,41.8085],[2.8601,41.8088],[2.8566,41.8057],[2.8444,41.8024],[2.8215,41.7991],[2.7818,41.7849],[2.7654,41.7835],[2.7594,41.786],[2.7551,41.786],[2.7427,41.7831],[2.7459,41.7879],[2.7454,41.7932],[2.7405,41.7928],[2.734,41.7972],[2.7161,41.7964],[2.7145,41.8008],[2.7101,41.7996],[2.7085,41.8028],[2.7155,41.8065],[2.7144,41.8098],[2.7155,41.811],[2.7139,41.8114],[2.7139,41.8134],[2.7095,41.8166],[2.7046,41.8158],[2.7024,41.8219],[2.7003,41.8219],[2.6981,41.8251],[2.6948,41.8255],[2.6927,41.8296],[2.6889,41.8312],[2.6808,41.841],[2.6732,41.8456],[2.6704,41.8513],[2.6644,41.853],[2.6573,41.8594],[2.6578,41.8607],[2.6605,41.8603],[2.6589,41.8651],[2.661,41.8672],[2.6577,41.8724],[2.6588,41.8761],[2.6566,41.8773],[2.6588,41.8793],[2.6577,41.8874],[2.6555,41.8947],[2.6522,41.8967],[2.6575,41.8985],[2.6618,41.9022],[2.6626,41.9061],[2.654,41.9187],[2.6466,41.9202],[2.6499,41.9227],[2.6526,41.9227],[2.6575,41.9263],[2.658,41.9284],[2.6634,41.9304],[2.665,41.9345],[2.671,41.9369],[2.672,41.9438],[2.6742,41.9438],[2.6775,41.9406],[2.6807,41.9414],[2.6812,41.9475],[2.6856,41.9487],[2.6855,41.9576],[2.6899,41.9564],[2.6904,41.9544],[2.6975,41.9536],[2.6986,41.9508],[2.7046,41.9496],[2.7089,41.9516],[2.7165,41.948],[2.7225,41.9488],[2.7247,41.9472],[2.7312,41.9468],[2.7344,41.95],[2.7388,41.9496],[2.7415,41.9541],[2.7469,41.9561],[2.7463,41.9582],[2.7485,41.9602],[2.755,41.9606],[2.7583,41.9667],[2.7637,41.9683],[2.7637,41.9724],[2.7691,41.9736],[2.768,41.9781],[2.7702,41.9805],[2.7674,41.9825],[2.7691,41.9842],[2.7674,41.9854],[2.7696,41.9886],[2.769,41.9902],[2.7707,41.9906],[2.7707,41.9935],[2.7668,41.9955],[2.7641,42.0012],[2.7543,42.0048],[2.7483,42.0125],[2.7439,42.0137],[2.7445,42.0214],[2.7428,42.025],[2.7406,42.0267],[2.7406,42.0287],[2.7357,42.0319],[2.7352,42.0356],[2.7324,42.0372],[2.7335,42.0424],[2.7422,42.0453]]]},"properties":{"zhr":"44","ha":34815,"danger":1,"exposure":2,"nfr40":505,"nfr60":758}},{"type":"Feature","geometry":{"type":"Polygon","coordinates":[[[2.1009,42.1397],[2.1205,42.1395],[2.1363,42.1404],[2.1483,42.1373],[2.1494,42.1353],[2.1624,42.1366],[2.1625,42.1353],[2.1679,42.1362],[2.1712,42.135],[2.1744,42.1366],[2.1761,42.1346],[2.1854,42.1339],[2.1876,42.1303],[2.192,42.1279],[2.1963,42.1279],[2.2018,42.1223],[2.2019,42.1154],[2.1943,42.1145],[2.1916,42.1108],[2.1965,42.1105],[2.1982,42.1084],[2.202,42.1085],[2.2042,42.1061],[2.2086,42.1057],[2.2129,42.1069],[2.2151,42.1094],[2.2145,42.111],[2.2177,42.1134],[2.2177,42.1155],[2.2226,42.1183],[2.2259,42.1167],[2.2297,42.1176],[2.228,42.1159],[2.226,42.1062],[2.2304,42.1026],[2.231,42.0985],[2.2396,42.1014],[2.244,42.0998],[2.2516,42.1031],[2.2625,42.1048],[2.2717,42.102],[2.2815,42.1058],[2.294,42.1058],[2.2951,42.1022],[2.2935,42.1014],[2.307,42.0964],[2.3141,42.0921],[2.3174,42.0962],[2.3284,42.0996],[2.3257,42.0931],[2.323,42.0914],[2.3241,42.0882],[2.3187,42.0837],[2.3188,42.0805],[2.3118,42.0751],[2.3113,42.0711],[2.3168,42.063],[2.3255,42.0651],[2.3342,42.0627],[2.3337,42.0566],[2.3321,42.0558],[2.3338,42.0457],[2.336,42.0433],[2.3361,42.0404],[2.3437,42.0332],[2.3427,42.0283],[2.3477,42.0235],[2.3401,42.019],[2.3385,42.0137],[2.3402,42.0105],[2.3461,42.0113],[2.3511,42.0085],[2.3501,42.0012],[2.3414,41.9995],[2.3414,41.9963],[2.3452,41.9939],[2.3464,41.991],[2.3524,41.989],[2.3546,41.985],[2.3584,41.983],[2.3639,41.9721],[2.3721,41.9713],[2.3765,41.9673],[2.37,41.9628],[2.3744,41.9596],[2.3722,41.9571],[2.369,41.9567],[2.3696,41.9527],[2.3674,41.9522],[2.3669,41.9502],[2.3674,41.9458],[2.3707,41.9429],[2.3708,41.9405],[2.3675,41.9389],[2.3686,41.9344],[2.3648,41.9348],[2.3616,41.932],[2.3633,41.9267],[2.3606,41.9238],[2.3557,41.9222],[2.3558,41.919],[2.3514,41.9197],[2.3493,41.9161],[2.3461,41.9144],[2.3466,41.9108],[2.344,41.9059],[2.3418,41.9059],[2.3418,41.9014],[2.3386,41.9002],[2.3403,41.8954],[2.3398,41.8929],[2.3371,41.8925],[2.336,41.886],[2.3333,41.8836],[2.3279,41.8831],[2.3247,41.8786],[2.3253,41.8766],[2.3204,41.875],[2.3216,41.8648],[2.3184,41.8588],[2.3239,41.8555],[2.3255,41.8523],[2.3256,41.8474],[2.3272,41.8454],[2.3251,41.8434],[2.3251,41.8381],[2.3279,41.8321],[2.3258,41.8304],[2.3318,41.8219],[2.3253,41.8211],[2.3216,41.8186],[2.3118,41.8186],[2.3058,41.8206],[2.3025,41.8238],[2.2971,41.8246],[2.2955,41.8266],[2.2863,41.8257],[2.283,41.8225],[2.2793,41.8216],[2.2761,41.8176],[2.2685,41.8171],[2.2674,41.8143],[2.2615,41.8114],[2.2626,41.8057],[2.254,41.8036],[2.2519,41.8012],[2.2519,41.7984],[2.247,41.7983],[2.2443,41.7963],[2.2438,41.7934],[2.239,41.7902],[2.2309,41.7909],[2.2179,41.7884],[2.2136,41.7859],[2.2039,41.7855],[2.2027,41.7911],[2.1939,41.8004],[2.1932,41.8105],[2.1948,41.813],[2.1976,41.813],[2.1986,41.8191],[2.1888,41.8218],[2.1892,41.8275],[2.1946,41.8312],[2.187,41.8324],[2.1837,41.8352],[2.1826,41.8396],[2.1793,41.84],[2.1787,41.8449],[2.1716,41.8472],[2.169,41.8456],[2.1707,41.8395],[2.1652,41.8403],[2.1625,41.8391],[2.1576,41.8407],[2.156,41.8443],[2.1522,41.8422],[2.1495,41.8451],[2.1451,41.8462],[2.1365,41.8437],[2.1359,41.8454],[2.1326,41.8461],[2.1337,41.8502],[2.1325,41.8595],[2.1378,41.8652],[2.1372,41.8693],[2.1399,41.8721],[2.1424,41.8851],[2.1461,41.89],[2.1461,41.8961],[2.1439,41.8993],[2.1438,41.9026],[2.1394,41.9078],[2.1393,41.9123],[2.1355,41.9155],[2.1321,41.9248],[2.1321,41.9264],[2.1353,41.9272],[2.1401,41.9329],[2.1395,41.9374],[2.1416,41.9435],[2.1356,41.9471],[2.1366,41.9512],[2.135,41.9544],[2.1382,41.956],[2.1371,41.9589],[2.1387,41.9613],[2.137,41.9633],[2.1375,41.9658],[2.1397,41.9662],[2.1402,41.9706],[2.1434,41.9703],[2.1456,41.9723],[2.1456,41.9751],[2.1526,41.9788],[2.1525,41.9829],[2.1563,41.9849],[2.1562,41.9882],[2.1595,41.9914],[2.1562,41.9947],[2.1513,41.9954],[2.1474,42.0003],[2.1473,42.0047],[2.1489,42.006],[2.1462,42.008],[2.1467,42.0108],[2.144,42.0124],[2.1439,42.0148],[2.1385,42.0184],[2.1384,42.0229],[2.1367,42.0253],[2.1313,42.0257],[2.1236,42.0289],[2.123,42.0329],[2.1295,42.035],[2.13,42.0411],[2.1256,42.0439],[2.1256,42.0459],[2.1228,42.0483],[2.1211,42.0544],[2.1227,42.0552],[2.1226,42.0625],[2.1182,42.0649],[2.1209,42.0674],[2.1214,42.073],[2.1268,42.0779],[2.1333,42.0776],[2.136,42.0804],[2.1392,42.0809],[2.1359,42.0845],[2.1364,42.0865],[2.1348,42.0889],[2.1429,42.091],[2.1429,42.0951],[2.1412,42.0967],[2.1341,42.097],[2.1286,42.1015],[2.1269,42.1075],[2.1204,42.1079],[2.1187,42.1091],[2.1187,42.1123],[2.1127,42.1139],[2.1099,42.1175],[2.0984,42.1227],[2.0972,42.1304],[2.1014,42.1377],[2.1009,42.1397]]]},"properties":{"zhr":"28","ha":56256,"danger":2,"exposure":2,"nfr40":1443,"nfr60":2164}},{"type":"Feature","geometry":{"type":"Polygon","coordinates":[[[1.8558,42.1108],[1.865,42.1151],[1.8656,42.1203],[1.8684,42.122],[1.905,42.1285],[1.923,42.1273],[1.9396,42.1284],[1.9432,42.1303],[1.9722,42.1281],[1.9934,42.1295],[1.9959,42.1328],[1.9981,42.1324],[2.0045,42.1369],[2.0197,42.1411],[2.0238,42.1443],[2.0359,42.1485],[2.0478,42.1471],[2.0554,42.1441],[2.0648,42.1472],[2.0817,42.1461],[2.0839,42.1473],[2.0915,42.1458],[2.0943,42.1405],[2.1009,42.1402],[2.1014,42.1377],[2.0967,42.1284],[2.0984,42.1227],[2.1099,42.1175],[2.1127,42.1139],[2.1187,42.1123],[2.1187,42.1091],[2.1204,42.1079],[2.1269,42.1075],[2.1286,42.1015],[2.1341,42.097],[2.1412,42.0967],[2.1429,42.0951],[2.1429,42.091],[2.1348,42.0889],[2.1364,42.0865],[2.1359,42.0845],[2.1392,42.0809],[2.136,42.0804],[2.1333,42.0776],[2.1268,42.0779],[2.1214,42.073],[2.1209,42.0674],[2.1182,42.0649],[2.1226,42.0625],[2.1227,42.0552],[2.1211,42.0544],[2.1228,42.0483],[2.1256,42.0459],[2.1256,42.0439],[2.13,42.0411],[2.1295,42.035],[2.123,42.0325],[2.1242,42.0285],[2.1313,42.0257],[2.1356,42.0261],[2.1378,42.0241],[2.1385,42.0184],[2.1439,42.0148],[2.144,42.0124],[2.1467,42.0108],[2.1462,42.008],[2.1489,42.006],[2.1473,42.0047],[2.1474,42.0003],[2.1513,41.9954],[2.1562,41.9947],[2.1595,41.9914],[2.1562,41.9882],[2.1563,41.9849],[2.1525,41.9829],[2.1526,41.9788],[2.1456,41.9751],[2.1456,41.9723],[2.1434,41.9703],[2.1402,41.9706],[2.1397,41.9662],[2.1375,41.9658],[2.137,41.9633],[2.1387,41.9613],[2.1371,41.9589],[2.1382,41.956],[2.135,41.9544],[2.1366,41.9512],[2.1356,41.9471],[2.1416,41.9435],[2.1395,41.9374],[2.1401,41.9329],[2.1353,41.9272],[2.1321,41.9264],[2.1321,41.9248],[2.1355,41.9155],[2.1393,41.9123],[2.1394,41.9078],[2.1438,41.9026],[2.1439,41.8993],[2.1461,41.8961],[2.1461,41.89],[2.1424,41.8851],[2.1399,41.8721],[2.1372,41.8693],[2.1378,41.8652],[2.1325,41.8595],[2.1337,41.8502],[2.1326,41.8466],[2.1195,41.8562],[2.1086,41.8565],[2.1065,41.8557],[2.1065,41.8524],[2.1044,41.85],[2.1061,41.8468],[2.1013,41.839],[2.0986,41.8378],[2.0964,41.841],[2.0926,41.8422],[2.0905,41.8393],[2.0911,41.8353],[2.078,41.8352],[2.0776,41.8303],[2.0744,41.8279],[2.0793,41.8226],[2.0804,41.8186],[2.0761,41.8169],[2.0724,41.8133],[2.0653,41.814],[2.0648,41.8128],[2.0556,41.8115],[2.0551,41.8087],[2.0459,41.8098],[2.0427,41.8053],[2.0433,41.8021],[2.0358,41.8],[2.0201,41.7982],[2.0168,41.8006],[2.0098,41.7994],[2.0033,41.7965],[2.0023,41.7944],[1.9979,41.7948],[1.9942,41.7887],[1.9872,41.7898],[1.9845,41.7858],[1.9818,41.7853],[1.9781,41.7817],[1.9598,41.7734],[1.9485,41.7725],[1.9463,41.7733],[1.9446,41.7765],[1.9392,41.7756],[1.9343,41.7776],[1.9267,41.7759],[1.923,41.7722],[1.9198,41.773],[1.9171,41.7706],[1.9089,41.7733],[1.9047,41.7721],[1.9039,41.7741],[1.9055,41.7799],[1.9093,41.7835],[1.9008,41.792],[1.9011,41.7972],[1.9038,41.8022],[1.9013,41.8112],[1.9021,41.8154],[1.8907,41.8266],[1.8902,41.8295],[1.8796,41.8308],[1.8796,41.84],[1.8827,41.8423],[1.8803,41.8498],[1.8733,41.8533],[1.8737,41.8564],[1.8872,41.8645],[1.8841,41.8706],[1.8895,41.873],[1.8865,41.8813],[1.8881,41.8859],[1.8849,41.8882],[1.8896,41.8912],[1.8883,41.897],[1.8862,41.8986],[1.8863,41.9018],[1.8799,41.9059],[1.885,41.9058],[1.8864,41.9072],[1.8859,41.9096],[1.8829,41.9119],[1.8858,41.9163],[1.8861,41.9203],[1.8831,41.9233],[1.8837,41.9256],[1.8794,41.9286],[1.8816,41.9302],[1.8793,41.9352],[1.8808,41.941],[1.8855,41.9461],[1.8838,41.9476],[1.8853,41.951],[1.8805,41.9553],[1.8846,41.9562],[1.8812,41.9613],[1.8886,41.9663],[1.8891,41.9682],[1.8875,41.9717],[1.8807,41.9741],[1.8839,41.9778],[1.8838,41.981],[1.8863,41.9829],[1.8855,41.9867],[1.8899,41.9882],[1.8859,41.9937],[1.8878,41.9953],[1.8877,41.9985],[1.8848,42.001],[1.8886,42.0031],[1.8852,42.0074],[1.887,42.0108],[1.8852,42.0142],[1.8875,42.0212],[1.8818,42.0297],[1.8816,42.0366],[1.8718,42.0481],[1.8727,42.0555],[1.8683,42.066],[1.8684,42.0717],[1.8585,42.0816],[1.8516,42.0938],[1.8501,42.099],[1.8525,42.1021],[1.8521,42.1037],[1.8575,42.1068],[1.8558,42.1108]]]},"properties":{"zhr":"27","ha":77646,"danger":4,"exposure":4,"nfr40":201,"nfr60":302}},{"type":"Feature","geometry":{"type":"Polygon","coordinates":[[[1.6943,41.9228],[1.693,41.9267],[1.6983,41.932],[1.7004,41.9393],[1.7031,41.9394],[1.7047,41.9414],[1.7051,41.9483],[1.7083,41.9508],[1.7087,41.9565],[1.7183,41.9647],[1.7149,41.9707],[1.7165,41.9744],[1.7137,41.976],[1.7148,41.978],[1.714,41.9889],[1.7107,41.9917],[1.7128,41.9958],[1.711,42.0059],[1.7125,42.0096],[1.7085,42.0185],[1.7101,42.0209],[1.6986,42.0252],[1.7001,42.0338],[1.6973,42.0362],[1.6972,42.0398],[1.6928,42.045],[1.696,42.0491],[1.6959,42.052],[1.7019,42.0528],[1.7007,42.0577],[1.7065,42.0659],[1.7059,42.0699],[1.7026,42.0715],[1.7025,42.0731],[1.7068,42.0764],[1.7078,42.0829],[1.711,42.0833],[1.7121,42.085],[1.717,42.0846],[1.7223,42.0912],[1.7289,42.0888],[1.7397,42.0897],[1.7501,42.087],[1.7539,42.0887],[1.7544,42.0915],[1.7609,42.0944],[1.7647,42.0945],[1.764,42.1014],[1.7738,42.1027],[1.7923,42.1017],[1.7981,42.1049],[1.8202,42.1091],[1.8224,42.1066],[1.8269,42.1071],[1.8369,42.1106],[1.8416,42.1139],[1.846,42.1123],[1.8444,42.1107],[1.8455,42.1067],[1.8488,42.1067],[1.8558,42.1108],[1.8575,42.1068],[1.8521,42.1037],[1.8525,42.1021],[1.8501,42.099],[1.8516,42.0938],[1.8585,42.0816],[1.8684,42.0717],[1.8683,42.066],[1.8727,42.0555],[1.8718,42.0481],[1.8816,42.0366],[1.8818,42.0297],[1.8875,42.0212],[1.8852,42.0142],[1.887,42.0108],[1.8852,42.0074],[1.8886,42.0031],[1.8848,42.001],[1.8877,41.9985],[1.8878,41.9953],[1.8859,41.9937],[1.8899,41.9882],[1.8855,41.9867],[1.8863,41.9829],[1.8838,41.981],[1.8839,41.9778],[1.8807,41.9741],[1.8875,41.9717],[1.8891,41.9682],[1.8886,41.9663],[1.8812,41.9613],[1.8846,41.9562],[1.8805,41.9553],[1.8853,41.951],[1.8838,41.9476],[1.8855,41.9461],[1.8808,41.941],[1.8793,41.9352],[1.8816,41.9302],[1.8794,41.9286],[1.8837,41.9256],[1.8831,41.9233],[1.8861,41.9203],[1.8858,41.9163],[1.8829,41.9119],[1.8859,41.9096],[1.8864,41.9072],[1.885,41.9058],[1.8799,41.9059],[1.8863,41.9018],[1.8862,41.8986],[1.8883,41.897],[1.8896,41.8912],[1.8849,41.8882],[1.8881,41.8859],[1.8865,41.8813],[1.8895,41.873],[1.8841,41.8706],[1.8872,41.8645],[1.8737,41.8564],[1.8733,41.8533],[1.8803,41.8498],[1.8827,41.8423],[1.8796,41.84],[1.8796,41.8308],[1.8902,41.8295],[1.8907,41.8266],[1.9021,41.8154],[1.9013,41.8112],[1.9038,41.8022],[1.9011,41.7972],[1.9008,41.792],[1.9093,41.7835],[1.9055,41.7799],[1.9039,41.7741],[1.9064,41.7653],[1.8997,41.7571],[1.8934,41.7543],[1.8945,41.7488],[1.9037,41.747],[1.9047,41.7455],[1.8973,41.7382],[1.8898,41.7386],[1.8792,41.73],[1.8707,41.73],[1.8773,41.723],[1.8716,41.722],[1.8675,41.7195],[1.8747,41.7149],[1.8693,41.7119],[1.8709,41.7061],[1.8635,41.7072],[1.856,41.7047],[1.8549,41.7067],[1.8478,41.7079],[1.8445,41.7119],[1.8407,41.7127],[1.838,41.7118],[1.837,41.7086],[1.8332,41.7093],[1.8309,41.7121],[1.8324,41.7186],[1.8307,41.7201],[1.8154,41.7206],[1.8123,41.7337],[1.8067,41.7368],[1.8075,41.7431],[1.8095,41.7453],[1.8076,41.7503],[1.7985,41.7529],[1.7962,41.7575],[1.7893,41.7583],[1.7916,41.7638],[1.786,41.77],[1.7873,41.7737],[1.7798,41.7785],[1.7812,41.7881],[1.776,41.7901],[1.7772,41.7954],[1.7693,41.7967],[1.766,41.8015],[1.7623,41.8032],[1.7598,41.8109],[1.7627,41.8142],[1.7601,41.8168],[1.76,41.8222],[1.7566,41.8236],[1.754,41.8228],[1.7482,41.8276],[1.7502,41.8347],[1.7484,41.8387],[1.7458,41.8392],[1.7432,41.8328],[1.7408,41.8313],[1.7391,41.8324],[1.7405,41.8349],[1.7375,41.8363],[1.7329,41.8367],[1.7311,41.8342],[1.7297,41.8336],[1.7285,41.8339],[1.7297,41.8389],[1.7256,41.8403],[1.7244,41.8426],[1.7173,41.8443],[1.7217,41.8465],[1.7195,41.8544],[1.7157,41.8596],[1.7209,41.8665],[1.717,41.8713],[1.71,41.8726],[1.7086,41.8762],[1.7112,41.8791],[1.7163,41.8812],[1.7194,41.8865],[1.7115,41.8897],[1.7118,41.8917],[1.7078,41.8957],[1.7084,41.8972],[1.7109,41.8971],[1.7152,41.892],[1.7194,41.8936],[1.7196,41.8958],[1.7136,41.9013],[1.7152,41.9046],[1.7139,41.9083],[1.7051,41.9129],[1.7027,41.9177],[1.6983,41.9182],[1.6973,41.9159],[1.7017,41.9135],[1.697,41.9107],[1.6923,41.9103],[1.691,41.9139],[1.6961,41.919],[1.6959,41.9225],[1.6943,41.9228]]]},"properties":{"zhr":"26","ha":54041,"danger":5,"exposure":4,"nfr40":69,"nfr60":103}},{"type":"Feature","geometry":{"type":"Polygon","coordinates":[[[2.8634,42.4636],[2.8672,42.4503],[2.8652,42.448],[2.8657,42.4452],[2.8631,42.4435],[2.8642,42.4379],[2.8604,42.4341],[2.8705,42.4248],[2.8775,42.3996],[2.8822,42.3941],[2.8835,42.387],[2.8892,42.3811],[2.8917,42.3738],[2.8954,42.37],[2.8957,42.3634],[2.9005,42.361],[2.9023,42.3543],[2.9142,42.3473],[2.9251,42.3353],[2.924,42.3329],[2.9251,42.3317],[2.9213,42.3297],[2.9147,42.3293],[2.9109,42.3244],[2.9071,42.326],[2.9054,42.3288],[2.9005,42.3276],[2.9005,42.3256],[2.894,42.3276],[2.8896,42.3272],[2.8885,42.3203],[2.8858,42.3175],[2.8869,42.3114],[2.8891,42.3102],[2.8885,42.3061],[2.8907,42.3041],[2.8886,42.3013],[2.8886,42.2972],[2.8929,42.2956],[2.8962,42.2911],[2.8962,42.2871],[2.8935,42.2855],[2.894,42.2826],[2.8968,42.2826],[2.8995,42.2851],[2.9055,42.2826],[2.9039,42.2774],[2.9077,42.2745],[2.9088,42.2697],[2.9137,42.2677],[2.9137,42.2612],[2.9186,42.2551],[2.9181,42.2531],[2.9121,42.2527],[2.9094,42.2506],[2.9192,42.2498],[2.9197,42.2454],[2.9154,42.2429],[2.9028,42.2441],[2.8974,42.2437],[2.8963,42.2421],[2.8903,42.2425],[2.8859,42.2356],[2.8849,42.2275],[2.8783,42.2263],[2.8718,42.2198],[2.8669,42.2259],[2.862,42.2246],[2.8603,42.2214],[2.8598,42.2226],[2.8538,42.2218],[2.8532,42.2242],[2.8494,42.2275],[2.8451,42.2266],[2.845,42.2327],[2.8412,42.2352],[2.8401,42.2339],[2.8358,42.2347],[2.8391,42.225],[2.8456,42.2189],[2.8451,42.2161],[2.8424,42.2157],[2.838,42.2193],[2.8315,42.2169],[2.8271,42.2201],[2.8266,42.2169],[2.8326,42.2092],[2.832,42.2068],[2.8342,42.2031],[2.8331,42.1991],[2.8299,42.1962],[2.825,42.1987],[2.8244,42.1938],[2.8206,42.1942],[2.8179,42.1974],[2.8141,42.197],[2.807,42.2002],[2.7966,42.1986],[2.7922,42.2051],[2.7879,42.2043],[2.7857,42.2063],[2.7802,42.2152],[2.7737,42.216],[2.7682,42.22],[2.7665,42.2249],[2.7627,42.2289],[2.7627,42.2314],[2.7649,42.2322],[2.7649,42.2391],[2.7627,42.2411],[2.7627,42.2443],[2.7528,42.2447],[2.7332,42.2552],[2.7059,42.2588],[2.7085,42.2681],[2.7053,42.2685],[2.7042,42.2705],[2.6971,42.2742],[2.6927,42.2738],[2.6927,42.2766],[2.6905,42.2782],[2.6905,42.2827],[2.6926,42.2839],[2.6921,42.2875],[2.6937,42.2912],[2.6904,42.296],[2.685,42.2948],[2.6784,42.296],[2.6691,42.2931],[2.6615,42.296],[2.6587,42.2996],[2.6587,42.3053],[2.6549,42.3085],[2.6565,42.3142],[2.6543,42.3162],[2.6542,42.319],[2.6346,42.3161],[2.6357,42.3206],[2.6395,42.3255],[2.6389,42.3291],[2.6247,42.3295],[2.6203,42.336],[2.6121,42.3424],[2.6011,42.3444],[2.5951,42.3436],[2.5913,42.346],[2.5842,42.3456],[2.5825,42.348],[2.5732,42.3524],[2.5623,42.3552],[2.5695,42.358],[2.5862,42.3571],[2.5879,42.3568],[2.5881,42.3543],[2.5997,42.352],[2.6021,42.3494],[2.6164,42.3461],[2.6316,42.3466],[2.6336,42.3447],[2.6519,42.3442],[2.662,42.3408],[2.6755,42.3419],[2.6767,42.3467],[2.6752,42.3568],[2.6704,42.3617],[2.6671,42.3619],[2.6621,42.3655],[2.6612,42.3701],[2.6628,42.3716],[2.6584,42.3799],[2.6516,42.3866],[2.6536,42.3886],[2.6653,42.3857],[2.6714,42.3876],[2.673,42.3941],[2.6729,42.4002],[2.6715,42.4022],[2.6736,42.4042],[2.6798,42.4066],[2.6918,42.406],[2.6968,42.4104],[2.7041,42.4119],[2.7157,42.4207],[2.7306,42.4228],[2.7332,42.4245],[2.7565,42.4255],[2.7595,42.419],[2.7696,42.4118],[2.7736,42.413],[2.7775,42.4121],[2.7802,42.4135],[2.7826,42.4176],[2.7991,42.4184],[2.8055,42.4319],[2.8102,42.4321],[2.8166,42.4402],[2.8269,42.439],[2.834,42.4483],[2.8336,42.4527],[2.8394,42.4592],[2.8587,42.4543],[2.8616,42.4558],[2.8634,42.4636]]]},"properties":{"zhr":"9","ha":41079,"danger":3,"exposure":3,"nfr40":180,"nfr60":271}},{"type":"Feature","geometry":{"type":"Polygon","coordinates":[[[1.4716,41.9933],[1.4841,41.9761],[1.4904,41.973],[1.4879,41.9569],[1.4845,41.9526],[1.4847,41.9508],[1.4933,41.9472],[1.4963,41.9422],[1.4974,41.9369],[1.4943,41.9283],[1.4972,41.9219],[1.5076,41.9143],[1.5207,41.9105],[1.5284,41.9105],[1.5377,41.9058],[1.5384,41.9026],[1.5455,41.8982],[1.5375,41.8908],[1.5343,41.8899],[1.5328,41.8863],[1.5079,41.8803],[1.5047,41.8778],[1.5022,41.8713],[1.4906,41.8804],[1.4869,41.8763],[1.4869,41.8739],[1.4897,41.8711],[1.4881,41.8691],[1.4915,41.8667],[1.4921,41.8643],[1.4997,41.8635],[1.5019,41.8591],[1.5063,41.8571],[1.5064,41.8539],[1.5129,41.8532],[1.5195,41.8488],[1.519,41.8472],[1.5158,41.8467],[1.5114,41.8487],[1.5038,41.847],[1.5032,41.8494],[1.4989,41.8506],[1.4941,41.8477],[1.4915,41.8436],[1.4812,41.843],[1.4668,41.8335],[1.4608,41.8322],[1.4521,41.8329],[1.4452,41.83],[1.4409,41.8255],[1.4286,41.8225],[1.4215,41.8228],[1.4165,41.8296],[1.4084,41.8275],[1.4078,41.8291],[1.4045,41.8294],[1.4003,41.8257],[1.3922,41.8252],[1.3857,41.8263],[1.3812,41.8295],[1.3753,41.8298],[1.3694,41.8251],[1.359,41.8346],[1.3567,41.8394],[1.3462,41.8432],[1.3363,41.8497],[1.3288,41.8438],[1.3267,41.8441],[1.3266,41.8474],[1.3228,41.8485],[1.3211,41.8509],[1.3135,41.852],[1.3118,41.854],[1.3085,41.854],[1.309,41.856],[1.3052,41.8568],[1.3046,41.8584],[1.2975,41.8599],[1.2952,41.8665],[1.2878,41.8652],[1.2814,41.8722],[1.2764,41.8721],[1.2683,41.8754],[1.2625,41.8745],[1.254,41.8809],[1.2527,41.8841],[1.2557,41.8848],[1.2516,41.8873],[1.2455,41.8887],[1.2409,41.8882],[1.2368,41.8854],[1.2301,41.8855],[1.2301,41.8869],[1.2355,41.8869],[1.2386,41.8919],[1.2425,41.8911],[1.2435,41.894],[1.2499,41.8953],[1.253,41.901],[1.2584,41.9035],[1.2583,41.9071],[1.2605,41.9072],[1.263,41.9117],[1.2829,41.9201],[1.2894,41.9194],[1.297,41.9219],[1.3007,41.9248],[1.3017,41.9289],[1.3081,41.933],[1.3106,41.9379],[1.31,41.9407],[1.3132,41.9453],[1.322,41.9409],[1.3273,41.9455],[1.3343,41.9456],[1.3371,41.9436],[1.3425,41.9453],[1.3545,41.9442],[1.3657,41.9517],[1.3706,41.9509],[1.3738,41.953],[1.3814,41.9527],[1.384,41.9548],[1.3976,41.957],[1.3986,41.9586],[1.4104,41.9629],[1.4224,41.9626],[1.4283,41.9655],[1.4365,41.9644],[1.4439,41.9698],[1.4465,41.9751],[1.4546,41.9789],[1.4584,41.9781],[1.4605,41.9797],[1.4615,41.9846],[1.4653,41.9867],[1.4668,41.9912],[1.4716,41.9933]]]},"properties":{"zhr":"24","ha":25396,"danger":4,"exposure":4,"nfr40":407,"nfr60":610}},{"type":"Feature","geometry":{"type":"Polygon","coordinates":[[[1.167,42.0832],[1.1654,42.0817],[1.1786,42.0817],[1.1951,42.0904],[1.2131,42.0892],[1.2248,42.0967],[1.2253,42.0987],[1.2361,42.1017],[1.2398,42.1072],[1.2438,42.108],[1.2457,42.1058],[1.2597,42.1055],[1.2691,42.1095],[1.2673,42.114],[1.2624,42.1155],[1.2618,42.1175],[1.2791,42.1235],[1.279,42.1259],[1.2833,42.128],[1.2816,42.1308],[1.282,42.1361],[1.2845,42.1422],[1.2904,42.1463],[1.2908,42.152],[1.2963,42.1517],[1.3043,42.1583],[1.3098,42.1547],[1.3174,42.154],[1.3196,42.1553],[1.3195,42.1593],[1.3238,42.1618],[1.3314,42.1599],[1.3383,42.1483],[1.3416,42.1471],[1.3469,42.1516],[1.3491,42.1517],[1.3573,42.1485],[1.3585,42.1457],[1.3655,42.1487],[1.3688,42.1463],[1.3823,42.1542],[1.3872,42.1514],[1.396,42.1503],[1.404,42.1553],[1.4079,42.1537],[1.4144,42.1538],[1.4246,42.16],[1.429,42.1589],[1.4317,42.1601],[1.4339,42.1581],[1.4346,42.1537],[1.4367,42.1541],[1.4395,42.1505],[1.4439,42.1501],[1.4473,42.1453],[1.4764,42.1579],[1.4893,42.1653],[1.4925,42.169],[1.5006,42.172],[1.5199,42.1844],[1.5221,42.1824],[1.5222,42.18],[1.52,42.1791],[1.5206,42.1763],[1.5273,42.1723],[1.5284,42.1699],[1.5268,42.167],[1.5302,42.1634],[1.5362,42.1627],[1.5373,42.1611],[1.5336,42.1554],[1.5343,42.1521],[1.5381,42.151],[1.5382,42.1473],[1.5355,42.1449],[1.5356,42.1416],[1.54,42.1376],[1.5488,42.1345],[1.5461,42.1328],[1.5435,42.1279],[1.5447,42.1243],[1.5438,42.1174],[1.5471,42.1126],[1.5445,42.1085],[1.5457,42.1049],[1.5419,42.1028],[1.5398,42.0995],[1.5322,42.0978],[1.5307,42.0937],[1.5166,42.0907],[1.5134,42.0887],[1.5125,42.0797],[1.5094,42.0724],[1.5106,42.0684],[1.5134,42.0656],[1.5124,42.0635],[1.5141,42.0579],[1.5109,42.057],[1.5121,42.0501],[1.509,42.0448],[1.4916,42.045],[1.4872,42.0482],[1.4824,42.0441],[1.4824,42.0408],[1.4804,42.0376],[1.476,42.0375],[1.4728,42.0342],[1.4751,42.0302],[1.4719,42.0269],[1.472,42.0229],[1.4682,42.022],[1.4667,42.0175],[1.464,42.0171],[1.4641,42.0138],[1.468,42.0098],[1.4654,42.0017],[1.4676,42.0009],[1.4683,41.9981],[1.4722,41.9941],[1.4668,41.9912],[1.4653,41.9867],[1.4615,41.9846],[1.4605,41.9797],[1.4584,41.9781],[1.4546,41.9789],[1.4465,41.9751],[1.4439,41.9698],[1.4365,41.9644],[1.4283,41.9655],[1.4224,41.9626],[1.4104,41.9629],[1.3986,41.9586],[1.3976,41.957],[1.384,41.9548],[1.3814,41.9527],[1.3738,41.953],[1.3706,41.9509],[1.3657,41.9517],[1.3545,41.9442],[1.3425,41.9453],[1.3371,41.9436],[1.3343,41.9456],[1.3273,41.9455],[1.322,41.9409],[1.3132,41.9453],[1.31,41.9407],[1.3106,41.9379],[1.3081,41.933],[1.3017,41.9289],[1.3007,41.9248],[1.297,41.9219],[1.2894,41.9194],[1.2829,41.9201],[1.263,41.9117],[1.2605,41.9072],[1.2583,41.9071],[1.2584,41.9035],[1.253,41.901],[1.2499,41.8953],[1.2435,41.894],[1.2425,41.8911],[1.2386,41.8919],[1.2355,41.8869],[1.2301,41.8869],[1.2301,41.8855],[1.2127,41.8858],[1.2035,41.8899],[1.203,41.8964],[1.1902,41.8964],[1.1888,41.9008],[1.1852,41.9047],[1.1802,41.9078],[1.1755,41.9078],[1.1724,41.9136],[1.1741,41.9176],[1.1733,41.9184],[1.1686,41.9147],[1.1593,41.9145],[1.1569,41.9048],[1.1542,41.9031],[1.1401,41.9029],[1.1359,41.8996],[1.1315,41.9003],[1.1197,41.8985],[1.1169,41.9005],[1.1174,41.9021],[1.1087,41.9019],[1.105,41.9003],[1.0967,41.9026],[1.0939,41.9082],[1.0948,41.9131],[1.0925,41.9163],[1.0924,41.9195],[1.0935,41.9199],[1.088,41.9209],[1.0869,41.9243],[1.0773,41.9351],[1.0652,41.9397],[1.0652,41.9422],[1.063,41.9433],[1.0629,41.9462],[1.065,41.9482],[1.0643,41.9519],[1.0573,41.9513],[1.0503,41.9484],[1.0503,41.9508],[1.0551,41.9525],[1.0545,41.9545],[1.0501,41.9569],[1.0526,41.9622],[1.0483,41.9629],[1.0438,41.9669],[1.0443,41.969],[1.048,41.971],[1.0514,41.9837],[1.0476,41.9856],[1.0439,41.9981],[1.0401,41.9993],[1.0394,42.0021],[1.0372,42.0037],[1.0404,42.0058],[1.0386,42.0114],[1.0424,42.0119],[1.0423,42.0167],[1.0389,42.0195],[1.0405,42.0224],[1.0392,42.0272],[1.0353,42.0296],[1.0358,42.0316],[1.0336,42.034],[1.0264,42.0363],[1.0253,42.0387],[1.0404,42.0406],[1.0443,42.0391],[1.0449,42.037],[1.0493,42.0367],[1.0524,42.04],[1.0632,42.0438],[1.0665,42.0427],[1.0681,42.0443],[1.0767,42.0457],[1.0782,42.0498],[1.0927,42.0557],[1.0958,42.0606],[1.0985,42.0619],[1.0995,42.0659],[1.1011,42.0668],[1.1009,42.0732],[1.1078,42.0803],[1.1098,42.0851],[1.119,42.0881],[1.1221,42.0918],[1.1241,42.0979],[1.1295,42.0993],[1.1299,42.1053],[1.133,42.1102],[1.1357,42.1111],[1.1392,42.1225],[1.1435,42.1246],[1.1417,42.1298],[1.1443,42.1323],[1.1487,42.1328],[1.1482,42.1287],[1.1524,42.1183],[1.1532,42.1085],[1.1496,42.102],[1.167,42.0832]]]},"properties":{"zhr":"21","ha":80272,"danger":3,"exposure":4,"nfr40":216,"nfr60":325}},{"type":"Feature","geometry":{"type":"Polygon","coordinates":[[[0.8883,42.0396],[0.8971,42.0338],[0.8996,42.0352],[0.9065,42.0297],[0.9164,42.0259],[0.9193,42.0223],[0.9394,42.0222],[0.9491,42.024],[0.953,42.0213],[0.9655,42.0199],[0.9801,42.0217],[1.0004,42.0212],[1.005,42.0227],[1.0093,42.0206],[1.0152,42.0229],[1.0252,42.023],[1.0311,42.0249],[1.0389,42.0211],[1.0395,42.0183],[1.0423,42.0167],[1.0424,42.0119],[1.0386,42.0114],[1.0404,42.0058],[1.0372,42.0037],[1.0394,42.0021],[1.0401,41.9993],[1.0439,41.9981],[1.0476,41.9856],[1.0514,41.9837],[1.048,41.971],[1.0437,41.9681],[1.0483,41.9629],[1.0526,41.9622],[1.0501,41.9569],[1.0545,41.9545],[1.0551,41.9525],[1.0503,41.9508],[1.0503,41.9484],[1.0573,41.9513],[1.0649,41.9515],[1.065,41.9482],[1.0629,41.9462],[1.0652,41.9397],[1.0773,41.9351],[1.0869,41.9243],[1.088,41.9209],[1.0935,41.9199],[1.0924,41.9195],[1.0925,41.9163],[1.0948,41.9131],[1.0939,41.9082],[1.0961,41.905],[1.0962,41.9025],[1.0898,41.8996],[1.085,41.8947],[1.0758,41.8945],[1.0694,41.8912],[1.0674,41.8867],[1.0724,41.8811],[1.0709,41.8778],[1.0738,41.8718],[1.0665,41.8635],[1.0537,41.8556],[1.0528,41.8479],[1.0236,41.8482],[1.0224,41.8506],[1.0197,41.851],[1.017,41.851],[1.017,41.8493],[1.0121,41.8509],[1.0105,41.8488],[0.9944,41.8486],[0.9761,41.851],[0.9046,41.849],[0.8881,41.8505],[0.8874,41.8523],[0.8803,41.853],[0.8711,41.8512],[0.8372,41.8533],[0.8387,41.8597],[0.8454,41.8729],[0.848,41.8738],[0.8644,41.8711],[0.8756,41.876],[0.8768,41.878],[0.8762,41.8817],[0.8809,41.8931],[0.8805,41.8977],[0.8877,41.9019],[0.8904,41.9058],[0.8838,41.9095],[0.8724,41.91],[0.8575,41.9074],[0.8533,41.9087],[0.8528,41.912],[0.8632,41.9188],[0.8638,41.9206],[0.8577,41.9229],[0.8581,41.926],[0.8556,41.9301],[0.8577,41.9396],[0.8562,41.9413],[0.8478,41.9431],[0.8489,41.9507],[0.845,41.9546],[0.8419,41.9661],[0.839,41.9669],[0.839,41.984],[0.8433,41.9935],[0.8414,41.9994],[0.8497,41.9993],[0.849,42.0036],[0.8533,42.0035],[0.8562,42.0063],[0.8676,42.006],[0.8752,42.0085],[0.876,42.0145],[0.8792,42.0199],[0.878,42.0258],[0.8825,42.0278],[0.8844,42.0392],[0.8883,42.0396]]]},"properties":{"zhr":"20","ha":33069,"danger":3,"exposure":3,"nfr40":849,"nfr60":1273}},{"type":"Feature","geometry":{"type":"Polygon","coordinates":[[[0.5785,41.8486],[0.5824,41.8588],[0.5807,41.8636],[0.5907,41.8655],[0.5976,41.8694],[0.6035,41.8697],[0.607,41.8722],[0.6069,41.8791],[0.5928,41.8856],[0.5953,41.8895],[0.6007,41.9076],[0.6005,41.91],[0.5955,41.9155],[0.5953,41.9175],[0.5975,41.9192],[0.6074,41.919],[0.603,41.922],[0.5778,41.9287],[0.5745,41.931],[0.5638,41.9325],[0.5622,41.9341],[0.5621,41.9381],[0.5685,41.9475],[0.5759,41.9534],[0.5786,41.9578],[0.5854,41.962],[0.5869,41.9661],[0.5924,41.9683],[0.6056,41.9609],[0.6065,41.9649],[0.6109,41.9686],[0.6112,41.977],[0.618,41.9832],[0.617,41.9875],[0.6181,41.9887],[0.6256,41.9922],[0.6383,41.9942],[0.643,41.9825],[0.6454,41.9873],[0.6463,41.996],[0.6564,42.0001],[0.6641,42.0132],[0.6633,42.0155],[0.6575,42.0144],[0.655,42.0218],[0.652,42.0247],[0.6561,42.0302],[0.6567,42.0391],[0.6591,42.0408],[0.6665,42.0416],[0.6714,42.0475],[0.669,42.0505],[0.6703,42.0612],[0.6808,42.0765],[0.6844,42.0668],[0.6885,42.0621],[0.6934,42.0593],[0.6967,42.0598],[0.7127,42.0524],[0.7313,42.0511],[0.7426,42.053],[0.7465,42.0494],[0.7456,42.0466],[0.7621,42.0404],[0.7941,42.0414],[0.8006,42.0432],[0.8012,42.0416],[0.8045,42.0408],[0.8126,42.0414],[0.8277,42.0393],[0.8347,42.0403],[0.8508,42.0366],[0.8639,42.0364],[0.875,42.0375],[0.8836,42.0414],[0.8872,42.04],[0.8836,42.0375],[0.8825,42.0278],[0.878,42.0258],[0.8792,42.0199],[0.876,42.0145],[0.8759,42.009],[0.8689,42.0062],[0.8562,42.0063],[0.8533,42.0035],[0.849,42.0036],[0.8497,41.9993],[0.8414,41.9994],[0.8433,41.9935],[0.839,41.984],[0.84,41.9783],[0.8386,41.9731],[0.839,41.9669],[0.8419,41.9661],[0.845,41.9546],[0.8489,41.9507],[0.8478,41.9431],[0.857,41.9408],[0.8556,41.9301],[0.8581,41.926],[0.8577,41.9229],[0.8638,41.9206],[0.8632,41.9188],[0.8528,41.912],[0.8533,41.9087],[0.8575,41.9074],[0.8724,41.91],[0.8838,41.9095],[0.8904,41.9058],[0.8877,41.9019],[0.8805,41.8977],[0.8809,41.8931],[0.8762,41.8817],[0.8768,41.878],[0.8756,41.876],[0.8644,41.8711],[0.848,41.8738],[0.8434,41.8707],[0.8433,41.8721],[0.8311,41.8661],[0.8203,41.8549],[0.809,41.846],[0.8062,41.8414],[0.8072,41.8361],[0.8059,41.8254],[0.8038,41.8228],[0.8095,41.816],[0.8043,41.8159],[0.8041,41.8141],[0.8077,41.8066],[0.8082,41.8018],[0.8018,41.8021],[0.8003,41.8],[0.7959,41.7995],[0.7893,41.8046],[0.7806,41.8061],[0.7805,41.8073],[0.7495,41.8165],[0.7435,41.8164],[0.7297,41.8209],[0.727,41.825],[0.7246,41.8216],[0.715,41.8179],[0.7009,41.8156],[0.6999,41.8141],[0.6502,41.8164],[0.6414,41.8172],[0.6398,41.8191],[0.636,41.8178],[0.5857,41.8306],[0.5786,41.8301],[0.5785,41.8486]]]},"properties":{"zhr":"19","ha":51876,"danger":4,"exposure":3,"nfr40":487,"nfr60":730}},{"type":"Feature","geometry":{"type":"Polygon","coordinates":[[[1.3462,41.8432],[1.3578,41.8387],[1.359,41.8346],[1.3694,41.8251],[1.3753,41.8298],[1.3834,41.8287],[1.3867,41.8263],[1.3857,41.8235],[1.3809,41.8218],[1.3794,41.8181],[1.3811,41.8149],[1.3768,41.8128],[1.3794,41.8125],[1.384,41.8154],[1.3856,41.8137],[1.3914,41.8144],[1.3918,41.8115],[1.3979,41.8068],[1.4015,41.8072],[1.4145,41.7986],[1.4228,41.7872],[1.4252,41.7874],[1.4269,41.7854],[1.4263,41.7829],[1.4383,41.7773],[1.4524,41.7778],[1.4552,41.7746],[1.4584,41.7738],[1.459,41.7714],[1.4623,41.771],[1.4624,41.7686],[1.4657,41.7658],[1.4706,41.7635],[1.4718,41.759],[1.4778,41.7546],[1.4785,41.751],[1.4856,41.7491],[1.485,41.7478],[1.49,41.7426],[1.4939,41.7403],[1.4988,41.7399],[1.4982,41.7383],[1.5026,41.7371],[1.5026,41.7355],[1.5054,41.7339],[1.5011,41.7318],[1.5018,41.7262],[1.5045,41.7258],[1.5046,41.7222],[1.5024,41.7217],[1.5019,41.7189],[1.4938,41.7196],[1.4916,41.7212],[1.4923,41.7171],[1.4891,41.7151],[1.4793,41.7145],[1.4767,41.7129],[1.4696,41.716],[1.4653,41.7147],[1.4654,41.7103],[1.4692,41.7103],[1.4703,41.7071],[1.4763,41.7056],[1.4737,41.6991],[1.4683,41.6986],[1.4645,41.703],[1.4547,41.7037],[1.4481,41.7068],[1.4498,41.704],[1.4477,41.7007],[1.45,41.6975],[1.4495,41.6935],[1.4517,41.6931],[1.4534,41.6903],[1.4513,41.6882],[1.453,41.6846],[1.4492,41.6837],[1.4493,41.6821],[1.4526,41.6801],[1.4483,41.6789],[1.4489,41.6768],[1.4451,41.6744],[1.4518,41.6688],[1.4491,41.6667],[1.4362,41.6657],[1.4351,41.6637],[1.4369,41.6584],[1.4331,41.658],[1.4331,41.6559],[1.4256,41.6563],[1.4257,41.653],[1.4219,41.6526],[1.4209,41.6493],[1.4242,41.6449],[1.4227,41.6428],[1.4167,41.6428],[1.4168,41.6411],[1.4135,41.6399],[1.412,41.6366],[1.4132,41.6326],[1.41,41.6309],[1.41,41.6289],[1.4122,41.6273],[1.4058,41.6248],[1.4059,41.6215],[1.4016,41.6198],[1.4012,41.6154],[1.3986,41.6121],[1.3992,41.6097],[1.3971,41.6056],[1.3977,41.6024],[1.401,41.6008],[1.4011,41.5988],[1.3973,41.5979],[1.3985,41.5931],[1.3969,41.5926],[1.3943,41.5873],[1.3911,41.5881],[1.39,41.5856],[1.3901,41.5836],[1.3928,41.5837],[1.3913,41.5767],[1.3936,41.5735],[1.3931,41.5715],[1.3953,41.5699],[1.3949,41.5658],[1.3987,41.5627],[1.3919,41.5561],[1.3827,41.5564],[1.3795,41.5539],[1.3725,41.5546],[1.3605,41.5601],[1.3604,41.5633],[1.3587,41.5641],[1.3592,41.5678],[1.3559,41.5685],[1.3548,41.5714],[1.351,41.5705],[1.3407,41.5736],[1.3241,41.5677],[1.3182,41.5676],[1.3159,41.5708],[1.3083,41.5731],[1.3002,41.5726],[1.2926,41.5741],[1.2787,41.5715],[1.2716,41.5734],[1.2625,41.5712],[1.2608,41.5728],[1.2544,41.5719],[1.2527,41.5735],[1.2397,41.5761],[1.236,41.5708],[1.2328,41.5716],[1.2301,41.5695],[1.2171,41.573],[1.2096,41.5704],[1.2086,41.5688],[1.1989,41.5678],[1.1799,41.5699],[1.1703,41.5682],[1.161,41.5705],[1.1265,41.5695],[1.1223,41.5674],[1.1179,41.5677],[1.1179,41.5689],[1.1141,41.5701],[1.1085,41.5781],[1.1084,41.5797],[1.1106,41.5798],[1.1132,41.5826],[1.112,41.5875],[1.1015,41.593],[1.1015,41.595],[1.0912,41.5977],[1.09,41.6009],[1.0883,41.6013],[1.0893,41.6058],[1.0871,41.6073],[1.087,41.6098],[1.0951,41.6099],[1.108,41.613],[1.1165,41.6188],[1.1197,41.6188],[1.1212,41.6229],[1.1255,41.623],[1.1228,41.625],[1.1242,41.6294],[1.1226,41.6298],[1.122,41.6322],[1.1252,41.6339],[1.1261,41.64],[1.1298,41.6417],[1.1292,41.6445],[1.1378,41.6459],[1.1405,41.6483],[1.1474,41.6501],[1.1436,41.6529],[1.1355,41.6511],[1.1273,41.6554],[1.1271,41.6599],[1.1222,41.663],[1.1242,41.6688],[1.1215,41.6699],[1.1208,41.6732],[1.1142,41.6771],[1.1125,41.6799],[1.1065,41.6814],[1.1064,41.6859],[1.1031,41.687],[1.1066,41.6956],[1.1163,41.6986],[1.1157,41.7014],[1.1183,41.7043],[1.1187,41.7088],[1.1246,41.7105],[1.1279,41.7081],[1.1344,41.7082],[1.1349,41.7107],[1.1376,41.7111],[1.1347,41.7159],[1.1362,41.7196],[1.1454,41.7198],[1.1464,41.725],[1.1506,41.7263],[1.1511,41.7304],[1.1522,41.7304],[1.151,41.7344],[1.1439,41.7359],[1.1411,41.74],[1.134,41.7398],[1.1307,41.7418],[1.1316,41.7475],[1.137,41.7504],[1.1358,41.7545],[1.1367,41.7589],[1.1405,41.7594],[1.1422,41.7574],[1.1454,41.7575],[1.1475,41.7595],[1.158,41.7528],[1.1678,41.7517],[1.1666,41.7562],[1.1853,41.7646],[1.1879,41.7674],[1.1878,41.7711],[1.1942,41.7757],[1.1957,41.7789],[1.2059,41.7819],[1.2075,41.784],[1.2167,41.7833],[1.2182,41.7874],[1.2247,41.7879],[1.2296,41.7855],[1.2382,41.7885],[1.241,41.7865],[1.2409,41.7893],[1.2479,41.7927],[1.2511,41.7923],[1.2537,41.7956],[1.2607,41.799],[1.2666,41.7987],[1.273,41.8048],[1.2718,41.8097],[1.2744,41.8109],[1.2738,41.8134],[1.2809,41.8122],[1.2836,41.8143],[1.2938,41.8153],[1.2954,41.8173],[1.2986,41.8178],[1.2975,41.821],[1.2996,41.8223],[1.2974,41.823],[1.2957,41.8262],[1.3021,41.8296],[1.3047,41.8329],[1.3212,41.8238],[1.3322,41.8276],[1.3428,41.829],[1.34,41.8326],[1.3436,41.8391],[1.3473,41.8412],[1.3462,41.8432]]]},"properties":{"zhr":"34","ha":67425,"danger":2,"exposure":2,"nfr40":1220,"nfr60":1830}},{"type":"Feature","geometry":{"type":"Polygon","coordinates":[[[1.5509,41.7572],[1.5541,41.7556],[1.5559,41.7508],[1.5591,41.75],[1.5586,41.748],[1.5614,41.7452],[1.561,41.7391],[1.5568,41.7354],[1.5563,41.7301],[1.5639,41.7314],[1.5699,41.7295],[1.578,41.7296],[1.5969,41.7318],[1.6099,41.73],[1.6169,41.7333],[1.6223,41.7334],[1.625,41.7322],[1.6256,41.7302],[1.631,41.7294],[1.6412,41.7324],[1.6457,41.728],[1.6538,41.7285],[1.6544,41.7252],[1.6659,41.7193],[1.6728,41.723],[1.6744,41.7259],[1.684,41.73],[1.6884,41.7272],[1.6987,41.7249],[1.7051,41.7303],[1.7067,41.7339],[1.711,41.7344],[1.711,41.7364],[1.7087,41.7408],[1.7038,41.7436],[1.7031,41.7493],[1.6944,41.7516],[1.6922,41.7544],[1.7078,41.7579],[1.7127,41.7571],[1.7122,41.7551],[1.7171,41.7539],[1.7182,41.7519],[1.7351,41.7484],[1.7367,41.7468],[1.7421,41.7485],[1.7541,41.7462],[1.7595,41.7422],[1.7725,41.744],[1.7769,41.7412],[1.7823,41.7408],[1.79,41.7361],[1.7976,41.7341],[1.7977,41.7288],[1.8015,41.7252],[1.8016,41.7228],[1.8124,41.7197],[1.814,41.7173],[1.7953,41.7037],[1.7898,41.6969],[1.7848,41.6955],[1.7789,41.6869],[1.7743,41.6871],[1.7631,41.6825],[1.7636,41.6777],[1.7618,41.6763],[1.7573,41.6754],[1.7545,41.6725],[1.7484,41.6732],[1.7393,41.6678],[1.734,41.6674],[1.7318,41.6645],[1.7265,41.6636],[1.72,41.6599],[1.7169,41.6562],[1.7083,41.6549],[1.7013,41.6496],[1.69,41.649],[1.6923,41.6401],[1.6913,41.6389],[1.6924,41.6357],[1.6898,41.6336],[1.6904,41.6296],[1.6746,41.6193],[1.6676,41.6113],[1.666,41.6057],[1.6689,41.6014],[1.6718,41.6013],[1.6831,41.6106],[1.6859,41.6105],[1.687,41.6089],[1.6857,41.6042],[1.6877,41.6006],[1.6939,41.6028],[1.6952,41.6025],[1.6939,41.601],[1.7052,41.6039],[1.7079,41.6012],[1.7224,41.6009],[1.7239,41.6],[1.7207,41.5973],[1.7218,41.5963],[1.7326,41.5959],[1.7338,41.594],[1.735,41.5855],[1.7329,41.5843],[1.7329,41.5814],[1.7254,41.5817],[1.7238,41.5801],[1.7195,41.5801],[1.721,41.5841],[1.7199,41.5869],[1.7177,41.5857],[1.7155,41.5869],[1.6988,41.5859],[1.6989,41.5827],[1.6951,41.5834],[1.693,41.5789],[1.6887,41.5781],[1.685,41.574],[1.6737,41.5743],[1.6694,41.5714],[1.6657,41.5717],[1.6636,41.566],[1.6599,41.564],[1.6604,41.5624],[1.6306,41.5579],[1.6226,41.558],[1.6194,41.5606],[1.5972,41.553],[1.5861,41.5554],[1.5864,41.5605],[1.5806,41.5605],[1.5744,41.557],[1.5621,41.5566],[1.5517,41.5514],[1.5474,41.5517],[1.5489,41.5533],[1.5472,41.5573],[1.5311,41.5567],[1.5306,41.5539],[1.5279,41.5522],[1.528,41.5482],[1.5259,41.5481],[1.5232,41.5453],[1.5184,41.5448],[1.5184,41.5436],[1.5006,41.5434],[1.4797,41.5402],[1.4771,41.5365],[1.4779,41.5297],[1.4707,41.53],[1.4651,41.5276],[1.4541,41.5187],[1.4262,41.5118],[1.4138,41.5055],[1.4089,41.5046],[1.4066,41.5056],[1.4039,41.5032],[1.4045,41.5015],[1.3889,41.5033],[1.3873,41.5002],[1.3778,41.4939],[1.3789,41.491],[1.3624,41.4874],[1.3486,41.4768],[1.3487,41.474],[1.3449,41.4711],[1.3401,41.4714],[1.3342,41.4681],[1.3272,41.4692],[1.328,41.4782],[1.3252,41.4822],[1.3251,41.4874],[1.3235,41.4874],[1.3217,41.4918],[1.3196,41.4926],[1.3204,41.5024],[1.3246,41.5081],[1.3239,41.5134],[1.3297,41.5187],[1.3351,41.5176],[1.3415,41.5197],[1.3436,41.5222],[1.3511,41.5239],[1.3505,41.5263],[1.3564,41.528],[1.3574,41.5313],[1.3606,41.5325],[1.3606,41.5342],[1.3653,41.5383],[1.363,41.5435],[1.3656,41.5472],[1.371,41.5489],[1.3725,41.5546],[1.3795,41.5539],[1.3827,41.5564],[1.3919,41.5561],[1.3987,41.5627],[1.3949,41.5658],[1.3953,41.5699],[1.3931,41.5715],[1.3936,41.5735],[1.3913,41.5767],[1.3928,41.5837],[1.3901,41.5836],[1.39,41.5856],[1.3911,41.5881],[1.3943,41.5873],[1.3969,41.5926],[1.3985,41.5931],[1.3973,41.5979],[1.4011,41.5988],[1.401,41.6008],[1.3977,41.6024],[1.3971,41.6056],[1.3992,41.6097],[1.3986,41.6121],[1.4012,41.6154],[1.4016,41.6198],[1.4059,41.6215],[1.4058,41.6248],[1.4122,41.6273],[1.41,41.6289],[1.41,41.6309],[1.4132,41.6326],[1.412,41.6366],[1.4135,41.6399],[1.4168,41.6411],[1.4167,41.6428],[1.4227,41.6428],[1.4242,41.6449],[1.4209,41.6493],[1.4219,41.6526],[1.4257,41.653],[1.4256,41.6563],[1.4331,41.6559],[1.4331,41.658],[1.4369,41.6584],[1.4351,41.6637],[1.4362,41.6657],[1.4491,41.6667],[1.4518,41.6688],[1.4451,41.6744],[1.4489,41.6768],[1.4483,41.6789],[1.4526,41.6801],[1.4493,41.6821],[1.4492,41.6837],[1.453,41.6846],[1.4513,41.6882],[1.4534,41.6903],[1.4517,41.6931],[1.4495,41.6935],[1.45,41.6975],[1.4477,41.7007],[1.4498,41.704],[1.4481,41.7068],[1.4547,41.7037],[1.4645,41.703],[1.4683,41.6986],[1.4737,41.6991],[1.4763,41.7056],[1.4703,41.7071],[1.4692,41.7103],[1.4654,41.7103],[1.4663,41.7156],[1.4696,41.716],[1.4772,41.7129],[1.4793,41.7145],[1.4891,41.7151],[1.4923,41.7171],[1.4916,41.7212],[1.4938,41.7196],[1.5019,41.7189],[1.5024,41.7217],[1.5046,41.7222],[1.5045,41.7258],[1.5018,41.7262],[1.5011,41.7318],[1.515,41.7373],[1.5221,41.7358],[1.5275,41.737],[1.5324,41.7363],[1.5334,41.7379],[1.5383,41.7384],[1.5382,41.7416],[1.5355,41.7416],[1.5333,41.7448],[1.5354,41.7452],[1.537,41.7497],[1.5402,41.749],[1.5413,41.7502],[1.5396,41.7538],[1.54,41.7571],[1.5509,41.7572]]]},"properties":{"zhr":"35","ha":57092,"danger":5,"exposure":4,"nfr40":102,"nfr60":153}},{"type":"Feature","geometry":{"type":"Polygon","coordinates":[[[1.8611,41.5739],[1.8495,41.57],[1.8265,41.5711],[1.8096,41.5833],[1.7992,41.5879],[1.7948,41.588],[1.7871,41.5941],[1.7827,41.5924],[1.7683,41.5952],[1.7572,41.5918],[1.7436,41.596],[1.7271,41.5952],[1.7207,41.5973],[1.7233,41.5987],[1.7239,41.6],[1.7224,41.6009],[1.7079,41.6012],[1.7052,41.6039],[1.6939,41.601],[1.6952,41.6025],[1.6939,41.6028],[1.6877,41.6006],[1.6857,41.6042],[1.687,41.6089],[1.6859,41.6105],[1.6831,41.6106],[1.6718,41.6013],[1.6689,41.6014],[1.6666,41.6036],[1.6663,41.608],[1.6746,41.6193],[1.6904,41.6296],[1.6898,41.6336],[1.6924,41.6357],[1.6913,41.6389],[1.6923,41.6401],[1.69,41.649],[1.7013,41.6496],[1.7083,41.6549],[1.7169,41.6562],[1.72,41.6599],[1.7265,41.6636],[1.7318,41.6645],[1.734,41.6674],[1.7393,41.6678],[1.7484,41.6732],[1.7545,41.6725],[1.7573,41.6754],[1.7636,41.6777],[1.7631,41.6825],[1.7643,41.6834],[1.7711,41.6849],[1.7743,41.6871],[1.7789,41.6869],[1.7848,41.6955],[1.7898,41.6969],[1.7953,41.7037],[1.814,41.7173],[1.8239,41.7174],[1.826,41.7162],[1.8261,41.7121],[1.8283,41.7113],[1.8305,41.7061],[1.8375,41.7078],[1.837,41.7098],[1.8391,41.7126],[1.8445,41.7119],[1.8478,41.7079],[1.8549,41.7067],[1.861,41.6954],[1.8514,41.6871],[1.8554,41.6694],[1.854,41.6638],[1.8508,41.6637],[1.8449,41.6572],[1.8515,41.6556],[1.8548,41.65],[1.8543,41.6471],[1.8582,41.6423],[1.8582,41.6399],[1.8532,41.6376],[1.8514,41.6313],[1.8668,41.6252],[1.8636,41.6222],[1.8587,41.6246],[1.8539,41.6234],[1.8516,41.6158],[1.8462,41.6121],[1.8534,41.6036],[1.8503,41.5995],[1.8548,41.5962],[1.8519,41.5914],[1.8566,41.5843],[1.8607,41.5808],[1.8611,41.5739]]]},"properties":{"zhr":"36","ha":14938,"danger":1,"exposure":4,"nfr40":72,"nfr60":108}},{"type":"Feature","geometry":{"type":"Polygon","coordinates":[[[1.9009,41.5787],[1.9089,41.5844],[1.9094,41.5865],[1.9077,41.5881],[1.9104,41.5909],[1.9103,41.5934],[1.9125,41.5946],[1.9124,41.5983],[1.9145,41.6007],[1.9188,41.6007],[1.922,41.6077],[1.9214,41.6101],[1.9154,41.6137],[1.909,41.61],[1.8998,41.6099],[1.896,41.6082],[1.8863,41.6094],[1.8799,41.6069],[1.876,41.6117],[1.8717,41.6125],[1.8716,41.6137],[1.8732,41.6153],[1.876,41.6145],[1.8802,41.6178],[1.8802,41.6206],[1.8726,41.623],[1.8656,41.6217],[1.8645,41.6225],[1.8668,41.6252],[1.8651,41.627],[1.8514,41.6313],[1.8532,41.6376],[1.8582,41.6399],[1.8582,41.6423],[1.8543,41.6471],[1.8548,41.65],[1.8515,41.6556],[1.845,41.6564],[1.8508,41.6637],[1.854,41.6638],[1.8554,41.6694],[1.8514,41.6871],[1.8563,41.6926],[1.861,41.6946],[1.856,41.7047],[1.8635,41.7072],[1.8709,41.7061],[1.8693,41.7119],[1.8746,41.7144],[1.8676,41.719],[1.8707,41.7217],[1.8773,41.723],[1.8707,41.73],[1.8792,41.73],[1.8898,41.7386],[1.8973,41.7382],[1.9047,41.7455],[1.9037,41.747],[1.8945,41.7488],[1.8932,41.7525],[1.8934,41.7543],[1.8997,41.7571],[1.9064,41.7653],[1.9047,41.7721],[1.9089,41.7733],[1.9171,41.7706],[1.9198,41.773],[1.923,41.7722],[1.9267,41.7759],[1.9343,41.7776],[1.9392,41.7756],[1.9446,41.7765],[1.9463,41.7733],[1.9485,41.7725],[1.9598,41.7734],[1.9781,41.7817],[1.9818,41.7853],[1.9845,41.7858],[1.9872,41.7898],[1.9942,41.7887],[1.9979,41.7948],[2.0023,41.7944],[2.0033,41.7965],[2.0098,41.7994],[2.0168,41.8006],[2.0201,41.7982],[2.0352,41.8],[2.0331,41.7951],[2.025,41.7946],[2.0175,41.7893],[2.0181,41.7856],[2.0165,41.784],[2.0171,41.7804],[2.016,41.7804],[2.0172,41.7755],[2.0156,41.7731],[2.0123,41.7726],[2.0135,41.7682],[2.0119,41.7653],[2.0217,41.7646],[2.0201,41.7626],[2.0131,41.7613],[2.012,41.7572],[2.0039,41.7559],[2.0015,41.7405],[2.0015,41.7365],[2.0048,41.7328],[2.0033,41.7292],[2.0082,41.7284],[2.0119,41.7301],[2.0141,41.7281],[2.0147,41.722],[2.0169,41.7196],[2.0165,41.7159],[2.0197,41.7131],[2.0209,41.7087],[2.0225,41.7083],[2.0204,41.7054],[2.0216,41.6989],[2.0194,41.6985],[2.0189,41.6949],[2.0157,41.6944],[2.013,41.692],[2.0093,41.6919],[2.0088,41.6883],[2.0127,41.681],[2.0121,41.6794],[2.0052,41.6769],[2.0047,41.6745],[2.0118,41.666],[2.0093,41.6543],[2.0126,41.6514],[2.0121,41.6482],[2.0137,41.6458],[2.0203,41.6393],[2.021,41.6325],[2.0194,41.6292],[2.0216,41.6256],[2.019,41.6223],[2.0207,41.6171],[2.0191,41.6102],[2.0219,41.609],[2.0225,41.6053],[2.0246,41.6033],[2.0253,41.5956],[2.0167,41.5964],[2.0009,41.5948],[1.9976,41.593],[1.9971,41.5895],[1.9865,41.5852],[1.9822,41.5777],[1.9735,41.5738],[1.9703,41.5706],[1.9705,41.5668],[1.9689,41.5655],[1.9608,41.5638],[1.9551,41.5654],[1.9556,41.567],[1.9539,41.5686],[1.9565,41.5739],[1.9532,41.5788],[1.9511,41.5796],[1.9424,41.5807],[1.9387,41.5778],[1.9344,41.577],[1.9294,41.5814],[1.923,41.5805],[1.9191,41.5833],[1.9095,41.5792],[1.9009,41.5787]]]},"properties":{"zhr":"37","ha":25378,"danger":4,"exposure":4,"nfr40":101,"nfr60":151}},{"type":"Feature","geometry":{"type":"Polygon","coordinates":[[[2.3697,41.7023],[2.3916,41.6962],[2.399,41.6981],[2.405,41.6931],[2.4121,41.6939],[2.4116,41.6911],[2.4154,41.6886],[2.4181,41.6838],[2.4247,41.6802],[2.4252,41.6765],[2.4285,41.6721],[2.4372,41.6689],[2.4367,41.6665],[2.4389,41.6644],[2.4443,41.6641],[2.4437,41.662],[2.4405,41.6616],[2.4405,41.658],[2.4427,41.6555],[2.44,41.6539],[2.4411,41.6507],[2.4219,41.6462],[2.4002,41.6335],[2.3881,41.6318],[2.371,41.625],[2.371,41.6218],[2.3679,41.6193],[2.3575,41.6153],[2.3459,41.6062],[2.3424,41.6016],[2.3377,41.5986],[2.3335,41.592],[2.3246,41.5932],[2.3195,41.5882],[2.3139,41.5737],[2.3046,41.5621],[2.2838,41.5566],[2.2855,41.5546],[2.2855,41.5497],[2.2915,41.5449],[2.286,41.5424],[2.2843,41.5382],[2.2732,41.5397],[2.2627,41.5371],[2.2608,41.5375],[2.2617,41.5402],[2.2601,41.5436],[2.2541,41.5458],[2.2477,41.5446],[2.2394,41.5347],[2.2266,41.5273],[2.2254,41.5229],[2.211,41.5119],[2.2038,41.5013],[2.199,41.4991],[2.1991,41.4963],[2.194,41.4895],[2.1913,41.4895],[2.1918,41.4915],[2.1902,41.4923],[2.1901,41.4976],[2.1917,41.498],[2.1895,41.5024],[2.1917,41.5033],[2.1927,41.5102],[2.1921,41.5146],[2.1899,41.5166],[2.1898,41.5207],[2.186,41.5227],[2.1806,41.5299],[2.1773,41.5315],[2.1778,41.5328],[2.1708,41.536],[2.1713,41.5384],[2.1685,41.5416],[2.1679,41.5465],[2.1642,41.5477],[2.163,41.5537],[2.1597,41.5557],[2.1597,41.5606],[2.1569,41.563],[2.1558,41.5683],[2.1503,41.5735],[2.1464,41.5832],[2.1426,41.586],[2.142,41.5897],[2.1377,41.5896],[2.1322,41.5977],[2.1257,41.5984],[2.124,41.6017],[2.1208,41.6021],[2.1196,41.6077],[2.118,41.6089],[2.1142,41.6093],[2.1132,41.6077],[2.1104,41.6093],[2.1104,41.6129],[2.1077,41.6149],[2.0979,41.6177],[2.1005,41.6206],[2.1082,41.6195],[2.1123,41.6226],[2.1232,41.6231],[2.132,41.6315],[2.1415,41.6337],[2.1403,41.6369],[2.1475,41.6365],[2.1477,41.6408],[2.1533,41.6477],[2.1588,41.6486],[2.1646,41.6467],[2.1704,41.6421],[2.1744,41.6426],[2.1817,41.6462],[2.1861,41.646],[2.1932,41.6533],[2.1995,41.6558],[2.216,41.6574],[2.2379,41.6713],[2.2653,41.6663],[2.2759,41.6722],[2.2765,41.6766],[2.278,41.6774],[2.2893,41.6826],[2.2975,41.682],[2.2994,41.6833],[2.2996,41.6869],[2.3018,41.6864],[2.3028,41.6884],[2.3089,41.6871],[2.3122,41.6898],[2.3219,41.6891],[2.338,41.6957],[2.3394,41.6979],[2.3467,41.6946],[2.3555,41.6958],[2.3574,41.6926],[2.359,41.6927],[2.3697,41.7023]]]},"properties":{"zhr":"53","ha":28672,"danger":2,"exposure":2,"nfr40":2136,"nfr60":3204}},{"type":"Feature","geometry":{"type":"Polygon","coordinates":[[[2.5221,41.8144],[2.5316,41.8115],[2.5408,41.8035],[2.5409,41.8008],[2.5482,41.7979],[2.5444,41.7954],[2.545,41.7938],[2.5401,41.7914],[2.5413,41.7828],[2.535,41.7768],[2.528,41.7739],[2.5276,41.7679],[2.5254,41.7657],[2.5176,41.7621],[2.5095,41.762],[2.5068,41.7604],[2.5036,41.7533],[2.4978,41.7461],[2.4991,41.7403],[2.4969,41.7318],[2.4916,41.7317],[2.4673,41.7252],[2.4644,41.7235],[2.4598,41.7154],[2.4532,41.718],[2.4433,41.7272],[2.4358,41.7281],[2.4373,41.724],[2.4339,41.7195],[2.4297,41.7202],[2.4269,41.7237],[2.4241,41.7252],[2.42,41.7248],[2.4186,41.7266],[2.4147,41.7207],[2.4147,41.7108],[2.4292,41.6958],[2.4105,41.6939],[2.4088,41.6979],[2.4012,41.7044],[2.3876,41.7108],[2.3854,41.7193],[2.3832,41.7217],[2.3848,41.7254],[2.3777,41.733],[2.3765,41.7395],[2.3657,41.7427],[2.3592,41.7423],[2.3456,41.7491],[2.3466,41.7519],[2.3379,41.7575],[2.3368,41.7608],[2.3378,41.7632],[2.333,41.7644],[2.3334,41.7721],[2.3296,41.7729],[2.328,41.7761],[2.3306,41.7786],[2.3306,41.7814],[2.3279,41.7838],[2.3284,41.7863],[2.3332,41.7887],[2.3403,41.7884],[2.3441,41.7904],[2.3424,41.7953],[2.3434,41.7989],[2.351,41.8034],[2.3531,41.8075],[2.3721,41.8043],[2.3764,41.8048],[2.3796,41.8084],[2.3834,41.8085],[2.3873,41.8044],[2.3965,41.8057],[2.4035,41.8017],[2.409,41.8013],[2.4143,41.8046],[2.4344,41.8034],[2.4431,41.7986],[2.4426,41.7929],[2.4448,41.7877],[2.4584,41.7833],[2.4611,41.7861],[2.474,41.7899],[2.474,41.7939],[2.4762,41.7955],[2.4859,41.7956],[2.494,41.8017],[2.494,41.8041],[2.4994,41.8066],[2.5004,41.8094],[2.5107,41.8123],[2.5215,41.8124],[2.5221,41.8144]]]},"properties":{"zhr":"41","ha":12918,"danger":4,"exposure":3,"nfr40":711,"nfr60":1067}},{"type":"Feature","geometry":{"type":"Polygon","coordinates":[[[2.5487,41.7983],[2.5552,41.794],[2.5534,41.7912],[2.5539,41.7886],[2.5608,41.785],[2.5562,41.7772],[2.5621,41.7755],[2.5653,41.7717],[2.5687,41.7736],[2.5781,41.7723],[2.5875,41.7605],[2.5962,41.7611],[2.6021,41.7595],[2.6226,41.7362],[2.6255,41.7292],[2.6179,41.7308],[2.6174,41.7292],[2.6006,41.7257],[2.586,41.7255],[2.5774,41.7226],[2.5741,41.7242],[2.5709,41.7201],[2.5602,41.7157],[2.5385,41.7119],[2.518,41.7014],[2.5113,41.6939],[2.4918,41.6818],[2.4849,41.6748],[2.4744,41.6698],[2.4647,41.6625],[2.4527,41.6584],[2.4446,41.6524],[2.44,41.6511],[2.4411,41.6519],[2.44,41.6539],[2.4427,41.6547],[2.4405,41.658],[2.4405,41.6616],[2.4437,41.662],[2.4443,41.6641],[2.4389,41.6644],[2.4367,41.6665],[2.4372,41.6689],[2.4285,41.6721],[2.4252,41.6765],[2.4247,41.6802],[2.4181,41.6838],[2.4154,41.6886],[2.4116,41.6911],[2.4121,41.6939],[2.4159,41.6951],[2.4292,41.6958],[2.4147,41.7108],[2.4147,41.7207],[2.4175,41.7252],[2.4186,41.7266],[2.42,41.7248],[2.4241,41.7252],[2.4297,41.7202],[2.4339,41.7195],[2.4373,41.724],[2.4358,41.7281],[2.4433,41.7272],[2.4532,41.718],[2.4598,41.7154],[2.4644,41.7235],[2.4673,41.7252],[2.4916,41.7317],[2.4969,41.7318],[2.4991,41.7403],[2.4978,41.7461],[2.5036,41.7533],[2.5068,41.7604],[2.5095,41.762],[2.5176,41.7621],[2.5254,41.7657],[2.5276,41.7679],[2.528,41.7739],[2.535,41.7768],[2.5413,41.7828],[2.5401,41.7914],[2.545,41.7938],[2.5444,41.7954],[2.5487,41.7983]]]},"properties":{"zhr":"42","ha":10193,"danger":5,"exposure":4,"nfr40":103,"nfr60":154}},{"type":"Feature","geometry":{"type":"Polygon","coordinates":[[[2.6513,41.7422],[2.6676,41.7403],[2.6731,41.742],[2.679,41.7391],[2.6904,41.7417],[2.6904,41.7404],[2.6871,41.7396],[2.6929,41.7355],[2.6898,41.7317],[2.6977,41.7288],[2.7087,41.7178],[2.7054,41.7109],[2.7056,41.7069],[2.7117,41.7034],[2.727,41.7028],[2.7338,41.6967],[2.7506,41.6886],[2.7501,41.6874],[2.7563,41.6824],[2.762,41.67],[2.7781,41.6502],[2.7746,41.6473],[2.7484,41.6434],[2.7299,41.6363],[2.7195,41.6297],[2.6481,41.607],[2.6306,41.6032],[2.6076,41.5936],[2.5686,41.5812],[2.5627,41.5774],[2.5607,41.5743],[2.5578,41.5739],[2.5601,41.5745],[2.5633,41.5787],[2.5556,41.5785],[2.5597,41.5767],[2.553,41.5776],[2.5252,41.5666],[2.5136,41.5602],[2.5102,41.5603],[2.5098,41.5577],[2.5072,41.5553],[2.5093,41.5578],[2.509,41.559],[2.5071,41.5587],[2.5086,41.5577],[2.5025,41.5566],[2.5037,41.5555],[2.506,41.5563],[2.5037,41.5551],[2.5013,41.5557],[2.4934,41.5516],[2.4709,41.5462],[2.4581,41.5393],[2.4529,41.5489],[2.4569,41.5526],[2.4548,41.5562],[2.4388,41.5554],[2.4199,41.5489],[2.4143,41.5443],[2.4113,41.5462],[2.4071,41.5584],[2.396,41.5649],[2.3938,41.5698],[2.3911,41.5706],[2.39,41.5742],[2.3878,41.5754],[2.3872,41.5823],[2.3888,41.5847],[2.386,41.5928],[2.3882,41.5945],[2.386,41.5973],[2.3773,41.5977],[2.3725,41.5903],[2.3731,41.5867],[2.3651,41.5822],[2.3596,41.5856],[2.3533,41.5838],[2.3489,41.5882],[2.3368,41.5955],[2.3377,41.5986],[2.3561,41.6143],[2.3693,41.6204],[2.371,41.6218],[2.371,41.625],[2.3881,41.6318],[2.4002,41.6335],[2.4219,41.6462],[2.4411,41.6507],[2.4527,41.6584],[2.4647,41.6625],[2.4744,41.6698],[2.4849,41.6748],[2.4918,41.6818],[2.5096,41.6927],[2.518,41.7014],[2.5366,41.7112],[2.5602,41.7157],[2.5709,41.7201],[2.5741,41.7242],[2.5774,41.7226],[2.586,41.7255],[2.6006,41.7257],[2.6174,41.7292],[2.6179,41.7308],[2.6201,41.7294],[2.6292,41.7294],[2.6374,41.7329],[2.6447,41.7411],[2.6513,41.7422]]]},"properties":{"zhr":"54","ha":40147,"danger":2,"exposure":4,"nfr40":909,"nfr60":1364}},{"type":"Feature","geometry":{"type":"Polygon","coordinates":[[[2.9289,41.8344],[2.9323,41.8302],[2.9435,41.8275],[2.971,41.827],[2.9758,41.8238],[2.9777,41.8199],[2.983,41.8153],[2.9924,41.8129],[2.9981,41.8096],[3.0023,41.8105],[3.0286,41.8064],[3.0426,41.8124],[3.0519,41.8117],[3.0541,41.8093],[3.0579,41.8085],[3.0573,41.8064],[3.0638,41.8044],[3.0638,41.8024],[3.0652,41.8022],[3.0663,41.8015],[3.0664,41.8008],[3.0654,41.8018],[3.064,41.8016],[3.0648,41.8002],[3.0618,41.799],[3.0613,41.7952],[3.0557,41.788],[3.0535,41.7878],[3.0524,41.7902],[3.0464,41.7882],[3.0489,41.7821],[3.0441,41.7817],[3.0444,41.779],[3.0332,41.7768],[3.0378,41.7784],[3.037,41.7801],[3.0291,41.7794],[3.0308,41.7725],[3.0323,41.7725],[3.0315,41.7715],[3.0273,41.7716],[3.026,41.7741],[3.011,41.7723],[3.0007,41.7667],[3.0011,41.7655],[2.9976,41.7653],[2.9975,41.7632],[2.9769,41.7574],[2.975,41.7542],[2.9704,41.7526],[2.9653,41.7452],[2.9579,41.7404],[2.9599,41.7375],[2.9581,41.7356],[2.9555,41.7373],[2.9534,41.7366],[2.9538,41.7313],[2.9515,41.7331],[2.9507,41.7309],[2.9467,41.7305],[2.9484,41.7299],[2.9456,41.7274],[2.9462,41.7258],[2.9412,41.7255],[2.9397,41.722],[2.9336,41.7188],[2.9348,41.7154],[2.9294,41.7153],[2.9243,41.7122],[2.9194,41.7128],[2.9126,41.7082],[2.904,41.7104],[2.8996,41.7083],[2.8995,41.7055],[2.8914,41.7042],[2.8885,41.7019],[2.8801,41.704],[2.8789,41.7015],[2.8738,41.7019],[2.8655,41.6985],[2.865,41.6996],[2.8553,41.7002],[2.8457,41.6969],[2.8451,41.6951],[2.8404,41.6931],[2.834,41.6942],[2.8271,41.6899],[2.8197,41.689],[2.8155,41.6856],[2.8157,41.6824],[2.8079,41.6793],[2.8056,41.6761],[2.8033,41.6761],[2.8027,41.6731],[2.8015,41.674],[2.7978,41.672],[2.7969,41.6729],[2.8006,41.674],[2.7973,41.6753],[2.7966,41.6735],[2.794,41.6736],[2.791,41.6714],[2.7842,41.6623],[2.7781,41.6502],[2.762,41.67],[2.7563,41.6824],[2.7501,41.6874],[2.7506,41.6886],[2.7338,41.6967],[2.727,41.7028],[2.7117,41.7034],[2.7056,41.7069],[2.7054,41.7109],[2.7087,41.7178],[2.6977,41.7288],[2.6898,41.7317],[2.6929,41.7355],[2.6871,41.7396],[2.6904,41.7404],[2.6904,41.7417],[2.679,41.7391],[2.6755,41.74],[2.6695,41.7454],[2.6754,41.7519],[2.6725,41.7598],[2.6736,41.7675],[2.6701,41.7749],[2.6767,41.7792],[2.685,41.7922],[2.6884,41.7938],[2.7302,41.7976],[2.7367,41.796],[2.7405,41.7928],[2.7459,41.7928],[2.7459,41.7879],[2.7427,41.7831],[2.7551,41.786],[2.7594,41.786],[2.7654,41.7835],[2.7818,41.7849],[2.8215,41.7991],[2.8444,41.8024],[2.8566,41.8057],[2.8601,41.8088],[2.8795,41.8085],[2.8959,41.8112],[2.9022,41.8196],[2.9094,41.8222],[2.9105,41.8283],[2.9192,41.8291],[2.9219,41.8336],[2.9262,41.8328],[2.9289,41.8344]]]},"properties":{"zhr":"55","ha":31177,"danger":3,"exposure":4,"nfr40":88,"nfr60":132}},{"type":"Feature","geometry":{"type":"Polygon","coordinates":[[[2.3757,41.5964],[2.386,41.5973],[2.3882,41.5945],[2.386,41.5928],[2.3888,41.5847],[2.3872,41.5823],[2.3878,41.5754],[2.39,41.5742],[2.3911,41.5706],[2.3938,41.5698],[2.396,41.5649],[2.4071,41.5584],[2.4101,41.5476],[2.4143,41.5443],[2.4138,41.5417],[2.4168,41.5345],[2.4061,41.5222],[2.3869,41.5163],[2.3683,41.5072],[2.358,41.504],[2.3509,41.4969],[2.3465,41.4948],[2.3275,41.4918],[2.3181,41.4867],[2.3042,41.4894],[2.3,41.4886],[2.2921,41.4804],[2.2773,41.4712],[2.2624,41.4742],[2.2508,41.4718],[2.2321,41.4619],[2.2168,41.4623],[2.1999,41.4514],[2.1884,41.4604],[2.1873,41.4716],[2.1903,41.4772],[2.192,41.4848],[2.1913,41.4891],[2.194,41.4895],[2.1991,41.4963],[2.199,41.4991],[2.2038,41.5013],[2.211,41.5119],[2.2254,41.5229],[2.2266,41.5273],[2.2394,41.5347],[2.2477,41.5446],[2.2541,41.5458],[2.2601,41.5436],[2.2617,41.5402],[2.2608,41.5375],[2.2627,41.5371],[2.2732,41.5397],[2.2843,41.5382],[2.286,41.5424],[2.2915,41.5449],[2.2855,41.5497],[2.2855,41.5546],[2.2838,41.5566],[2.3046,41.5621],[2.3139,41.5737],[2.3195,41.5882],[2.3246,41.5932],[2.3335,41.592],[2.3377,41.5953],[2.3533,41.5838],[2.3596,41.5856],[2.3651,41.5822],[2.3731,41.5867],[2.3725,41.5903],[2.3747,41.592],[2.3757,41.5964]]]},"properties":{"zhr":"69","ha":14569,"danger":3,"exposure":3,"nfr40":226,"nfr60":338}},{"type":"Feature","geometry":{"type":"Polygon","coordinates":[[[2.1849,41.4854],[2.1919,41.4867],[2.192,41.4848],[2.1894,41.4736],[2.1873,41.4716],[2.1884,41.4604],[2.1999,41.4514],[2.1927,41.4474],[2.178,41.4458],[2.1493,41.4368],[2.1386,41.4175],[2.1298,41.4134],[2.116,41.4035],[2.1074,41.3891],[2.101,41.3816],[2.0888,41.3815],[2.0824,41.3772],[2.0577,41.3746],[2.0534,41.3729],[2.0378,41.3734],[2.0367,41.376],[2.034,41.3764],[2.0296,41.3808],[2.0229,41.397],[2.0174,41.4034],[2.0157,41.4079],[2.0141,41.4091],[2.0109,41.4082],[2.0036,41.426],[1.9948,41.4369],[1.9964,41.4528],[2.001,41.4568],[1.9993,41.4595],[2.0032,41.4617],[2.0144,41.4629],[2.0157,41.4663],[2.0198,41.469],[2.0321,41.465],[2.0497,41.4686],[2.0747,41.4689],[2.0957,41.4722],[2.1167,41.484],[2.1268,41.4824],[2.1337,41.4834],[2.1444,41.481],[2.1537,41.4825],[2.1576,41.4853],[2.1765,41.4834],[2.1816,41.487],[2.1849,41.4854]]]},"properties":{"zhr":"68","ha":12696,"danger":2,"exposure":3,"nfr40":261,"nfr60":391}},{"type":"Feature","geometry":{"type":"Polygon","coordinates":[[[1.6465,41.4536],[1.6487,41.4508],[1.6547,41.4484],[1.6601,41.4489],[1.6623,41.4448],[1.6764,41.4397],[1.6797,41.4398],[1.6818,41.4422],[1.6947,41.4403],[1.7006,41.4424],[1.7082,41.4397],[1.7098,41.4417],[1.713,41.4422],[1.719,41.439],[1.7314,41.4363],[1.7358,41.4323],[1.7402,41.4307],[1.7509,41.4329],[1.7553,41.4297],[1.7655,41.4282],[1.773,41.4319],[1.7833,41.4304],[1.7892,41.4325],[1.7935,41.4317],[1.7957,41.4277],[1.799,41.4257],[1.8054,41.4249],[1.807,41.427],[1.8124,41.4278],[1.8151,41.4262],[1.8243,41.4271],[1.8259,41.4251],[1.8291,41.4248],[1.7948,41.4187],[1.7811,41.4095],[1.7777,41.4006],[1.7743,41.3972],[1.7598,41.3894],[1.7722,41.3885],[1.7782,41.3853],[1.782,41.3854],[1.7899,41.3911],[1.7959,41.39],[1.7981,41.3868],[1.7982,41.3799],[1.808,41.3759],[1.8053,41.3739],[1.8038,41.3694],[1.7995,41.3673],[1.8001,41.3637],[1.7931,41.3628],[1.7921,41.3607],[1.7797,41.3606],[1.7787,41.3566],[1.7801,41.3541],[1.7784,41.3503],[1.7418,41.3297],[1.7368,41.3288],[1.7246,41.3166],[1.7219,41.3149],[1.719,41.3165],[1.7149,41.316],[1.7063,41.3101],[1.7024,41.3054],[1.6967,41.3044],[1.6953,41.3021],[1.6811,41.3006],[1.6768,41.3038],[1.6706,41.3027],[1.6661,41.2972],[1.6563,41.2915],[1.653,41.2841],[1.6544,41.2798],[1.6443,41.2764],[1.6386,41.2658],[1.637,41.2662],[1.6341,41.2626],[1.6315,41.2629],[1.6264,41.2538],[1.6214,41.2511],[1.6188,41.2455],[1.6146,41.2427],[1.6135,41.2384],[1.6037,41.2334],[1.5955,41.2362],[1.5792,41.231],[1.5745,41.2259],[1.5739,41.2215],[1.5754,41.2209],[1.5725,41.2087],[1.5747,41.2061],[1.5734,41.2036],[1.5748,41.1997],[1.5736,41.1989],[1.5747,41.1966],[1.5736,41.1921],[1.5813,41.1875],[1.548,41.1835],[1.5485,41.1861],[1.5468,41.1889],[1.55,41.1893],[1.5579,41.1996],[1.5572,41.2069],[1.5592,41.2105],[1.557,41.2121],[1.5575,41.2174],[1.5441,41.2136],[1.5349,41.2159],[1.5348,41.2228],[1.5331,41.2268],[1.5356,41.2337],[1.5312,41.2402],[1.5332,41.2479],[1.5278,41.2462],[1.5284,41.243],[1.5258,41.2421],[1.5208,41.2481],[1.511,41.2541],[1.5136,41.257],[1.5145,41.2655],[1.5134,41.2679],[1.5155,41.2696],[1.5138,41.2716],[1.5143,41.2736],[1.5105,41.2776],[1.5119,41.2853],[1.5097,41.2877],[1.509,41.2954],[1.5105,41.2987],[1.5174,41.3024],[1.52,41.3069],[1.5216,41.3073],[1.5249,41.3045],[1.5269,41.3069],[1.5483,41.316],[1.5506,41.3181],[1.5476,41.3224],[1.551,41.3255],[1.5738,41.3295],[1.5727,41.3319],[1.5737,41.3339],[1.5793,41.3379],[1.5885,41.3487],[1.5894,41.3532],[1.5926,41.3573],[1.5989,41.363],[1.6102,41.364],[1.6097,41.3603],[1.6141,41.3591],[1.6146,41.3575],[1.6195,41.3572],[1.6246,41.3767],[1.5761,41.3729],[1.575,41.3757],[1.5722,41.3773],[1.5599,41.3771],[1.5559,41.3844],[1.551,41.388],[1.551,41.39],[1.5532,41.3913],[1.5455,41.4038],[1.544,41.4114],[1.5467,41.4143],[1.5521,41.4135],[1.5548,41.4103],[1.5652,41.4152],[1.5677,41.4136],[1.5756,41.4142],[1.5771,41.4155],[1.5759,41.4189],[1.59,41.4209],[1.5944,41.4273],[1.6181,41.4409],[1.6218,41.4504],[1.6326,41.4506],[1.6368,41.4543],[1.6465,41.4536]]]},"properties":{"zhr":"66","ha":34467,"danger":1,"exposure":1,"nfr40":793,"nfr60":1189}},{"type":"Feature","geometry":{"type":"Polygon","coordinates":[[[1.7199,41.5869],[1.721,41.5841],[1.7184,41.5784],[1.7196,41.5732],[1.7169,41.5723],[1.718,41.5699],[1.7171,41.5654],[1.7209,41.5635],[1.7226,41.5586],[1.7307,41.5567],[1.7348,41.5425],[1.7285,41.5339],[1.7286,41.5271],[1.7303,41.5242],[1.7277,41.5202],[1.726,41.5201],[1.7283,41.5161],[1.7278,41.5141],[1.7234,41.5157],[1.7144,41.5107],[1.7182,41.5091],[1.7188,41.5067],[1.7172,41.5046],[1.7221,41.5023],[1.7228,41.4934],[1.7164,41.4917],[1.7114,41.4944],[1.7022,41.4964],[1.679,41.4989],[1.673,41.4944],[1.674,41.4903],[1.6701,41.4878],[1.672,41.4848],[1.6691,41.4846],[1.6649,41.481],[1.6547,41.4771],[1.6527,41.475],[1.6507,41.4659],[1.6617,41.4584],[1.6583,41.4546],[1.6368,41.4543],[1.6326,41.4506],[1.6218,41.4504],[1.6181,41.4409],[1.5944,41.4273],[1.59,41.4209],[1.5759,41.4189],[1.5771,41.4155],[1.5743,41.4137],[1.5677,41.4136],[1.5652,41.4152],[1.5548,41.4103],[1.551,41.4139],[1.5451,41.4134],[1.544,41.4076],[1.5488,41.3971],[1.5532,41.3913],[1.5523,41.3905],[1.544,41.3891],[1.5419,41.387],[1.5386,41.3874],[1.5371,41.3854],[1.5327,41.3885],[1.523,41.39],[1.5261,41.3953],[1.5179,41.4005],[1.506,41.4016],[1.5034,41.3991],[1.4975,41.3986],[1.4942,41.401],[1.49,41.3969],[1.489,41.3932],[1.4917,41.3908],[1.4901,41.3904],[1.4897,41.3876],[1.4869,41.39],[1.4676,41.3885],[1.4655,41.3864],[1.4661,41.3844],[1.4467,41.3825],[1.444,41.3845],[1.4386,41.3845],[1.4298,41.3912],[1.4271,41.3916],[1.4276,41.3944],[1.4254,41.3948],[1.4259,41.3997],[1.4236,41.4041],[1.4189,41.3984],[1.4119,41.3991],[1.4113,41.4003],[1.4059,41.3998],[1.4027,41.4018],[1.4017,41.3965],[1.3932,41.394],[1.3831,41.3865],[1.3628,41.381],[1.359,41.3813],[1.3579,41.385],[1.3524,41.3865],[1.3448,41.3925],[1.3329,41.3947],[1.3279,41.4007],[1.3149,41.4038],[1.3099,41.4082],[1.3103,41.4118],[1.3086,41.4159],[1.3096,41.4195],[1.3047,41.4219],[1.3029,41.4279],[1.3056,41.4292],[1.3076,41.4365],[1.3108,41.437],[1.3134,41.4411],[1.3182,41.4428],[1.3203,41.4452],[1.3207,41.4505],[1.3184,41.4533],[1.3227,41.4554],[1.321,41.4586],[1.3225,41.4643],[1.3277,41.4688],[1.3342,41.4681],[1.3401,41.4714],[1.3449,41.4711],[1.3487,41.474],[1.3486,41.4768],[1.3624,41.4874],[1.3789,41.491],[1.3778,41.4939],[1.3873,41.5002],[1.3889,41.5033],[1.4045,41.5015],[1.4039,41.5032],[1.4066,41.5056],[1.4089,41.5046],[1.4138,41.5055],[1.4262,41.5118],[1.4541,41.5187],[1.4651,41.5276],[1.4707,41.53],[1.4779,41.5297],[1.4771,41.5365],[1.4797,41.5402],[1.5006,41.5434],[1.5184,41.5436],[1.5184,41.5448],[1.5232,41.5453],[1.5259,41.5481],[1.528,41.5482],[1.5279,41.5522],[1.5306,41.5539],[1.5311,41.5567],[1.5472,41.5573],[1.5489,41.5533],[1.5474,41.5517],[1.5517,41.5514],[1.5621,41.5566],[1.5744,41.557],[1.5806,41.5605],[1.5864,41.5605],[1.5861,41.5554],[1.5972,41.553],[1.6194,41.5606],[1.6226,41.558],[1.6306,41.5579],[1.6604,41.5624],[1.6599,41.564],[1.6636,41.566],[1.6657,41.5717],[1.6694,41.5714],[1.6737,41.5743],[1.685,41.574],[1.6887,41.5781],[1.693,41.5789],[1.6951,41.5834],[1.6989,41.5827],[1.6988,41.5859],[1.7155,41.5869],[1.7177,41.5857],[1.7199,41.5869]]]},"properties":{"zhr":"49","ha":44182,"danger":3,"exposure":4,"nfr40":102,"nfr60":153}},{"type":"Feature","geometry":{"type":"Polygon","coordinates":[[[1.2397,41.5761],[1.2527,41.5735],[1.2544,41.5719],[1.2608,41.5728],[1.2625,41.5712],[1.2716,41.5734],[1.2787,41.5715],[1.2926,41.5741],[1.3002,41.5726],[1.3083,41.5731],[1.3159,41.5708],[1.3182,41.5676],[1.3279,41.5685],[1.3289,41.5702],[1.3396,41.5736],[1.351,41.5705],[1.3548,41.5714],[1.3559,41.5685],[1.3592,41.5678],[1.3587,41.5641],[1.3604,41.5633],[1.3605,41.5601],[1.3725,41.555],[1.372,41.5505],[1.3705,41.5485],[1.3656,41.5472],[1.363,41.5435],[1.3653,41.5383],[1.3606,41.5342],[1.3606,41.5325],[1.3574,41.5313],[1.3564,41.528],[1.3505,41.5263],[1.3511,41.5239],[1.3436,41.5222],[1.3426,41.5201],[1.3351,41.5176],[1.3313,41.5191],[1.326,41.5162],[1.3239,41.5134],[1.3246,41.5081],[1.3204,41.502],[1.3069,41.503],[1.2997,41.5098],[1.2971,41.5077],[1.283,41.5095],[1.2804,41.5054],[1.2708,41.502],[1.2666,41.4979],[1.2656,41.4943],[1.2593,41.4893],[1.2517,41.4904],[1.2511,41.4916],[1.2431,41.4915],[1.2387,41.4943],[1.2355,41.4926],[1.2225,41.4924],[1.2057,41.4962],[1.2004,41.4937],[1.1961,41.4936],[1.1924,41.4891],[1.172,41.4875],[1.1587,41.4817],[1.1544,41.4824],[1.1512,41.4807],[1.1313,41.478],[1.1292,41.4763],[1.1288,41.4735],[1.1223,41.4734],[1.1197,41.4705],[1.0983,41.4641],[1.0919,41.4627],[1.08,41.4637],[1.0785,41.4605],[1.0753,41.46],[1.0705,41.4559],[1.0641,41.4558],[1.0621,41.4485],[1.0579,41.4468],[1.0579,41.4443],[1.0456,41.4413],[1.0468,41.4373],[1.0437,41.4344],[1.041,41.4339],[1.0388,41.4359],[1.0329,41.435],[1.0314,41.4321],[1.0256,41.4284],[1.0256,41.4264],[1.0197,41.4262],[1.0112,41.4216],[1.0071,41.4175],[0.9995,41.4166],[0.9981,41.4121],[1.0036,41.4077],[1.0037,41.4049],[1.001,41.4032],[1.0028,41.3996],[1.0007,41.398],[0.9979,41.3987],[0.9943,41.3954],[0.9918,41.3885],[0.9847,41.3908],[0.981,41.3903],[0.9769,41.3834],[0.9737,41.3833],[0.9729,41.374],[0.9624,41.3661],[0.9625,41.3628],[0.9609,41.3616],[0.9622,41.3551],[0.9573,41.3546],[0.9547,41.3522],[0.9488,41.3525],[0.9456,41.35],[0.9387,41.349],[0.9354,41.3502],[0.9236,41.3484],[0.9107,41.3493],[0.9011,41.3475],[0.9006,41.3455],[0.8846,41.3412],[0.8771,41.3414],[0.8627,41.3383],[0.8547,41.3337],[0.8527,41.3292],[0.8485,41.3271],[0.842,41.3302],[0.8344,41.3301],[0.8334,41.3285],[0.8194,41.329],[0.8157,41.3269],[0.8087,41.328],[0.8032,41.3307],[0.7952,41.3285],[0.7913,41.3321],[0.7865,41.3332],[0.7768,41.3322],[0.7741,41.3346],[0.7682,41.3337],[0.7659,41.3357],[0.758,41.3323],[0.7508,41.3378],[0.7477,41.3357],[0.7336,41.3371],[0.7292,41.3398],[0.7157,41.3416],[0.7131,41.3407],[0.7082,41.3431],[0.7039,41.343],[0.7032,41.3454],[0.6984,41.3453],[0.694,41.3484],[0.6891,41.3483],[0.6803,41.3538],[0.6747,41.3618],[0.6554,41.3732],[0.6547,41.3776],[0.6483,41.3779],[0.6401,41.3818],[0.6352,41.3817],[0.6275,41.3864],[0.6151,41.3882],[0.6111,41.3942],[0.611,41.3974],[0.6012,41.4004],[0.5944,41.408],[0.5943,41.4117],[0.5964,41.4133],[0.5957,41.4182],[0.5973,41.419],[0.596,41.423],[0.5998,41.4235],[0.6012,41.4276],[0.6045,41.4281],[0.6055,41.4301],[0.613,41.4315],[0.6152,41.4299],[0.6204,41.4353],[0.6257,41.4374],[0.6382,41.4324],[0.6554,41.434],[0.6685,41.4298],[0.6835,41.4301],[0.6817,41.4366],[0.6833,41.4382],[0.6831,41.4431],[0.6814,41.4463],[0.6786,41.447],[0.6801,41.4519],[0.6774,41.4527],[0.6795,41.4539],[0.6793,41.4592],[0.6732,41.4627],[0.6721,41.4655],[0.6731,41.4676],[0.6708,41.4704],[0.674,41.4725],[0.6733,41.4765],[0.6844,41.4808],[0.6806,41.4823],[0.6794,41.486],[0.6723,41.4874],[0.6722,41.4907],[0.6776,41.4912],[0.6775,41.4928],[0.686,41.4982],[0.6903,41.4987],[0.6914,41.4971],[0.6979,41.496],[0.7002,41.492],[0.7089,41.4894],[0.7144,41.4883],[0.7272,41.4897],[0.7316,41.489],[0.7344,41.4866],[0.7477,41.4884],[0.7583,41.4944],[0.7696,41.4971],[0.7734,41.4951],[0.7836,41.4961],[0.7966,41.4917],[0.8015,41.4919],[0.8077,41.4942],[0.8182,41.4935],[0.8287,41.4998],[0.8481,41.4969],[0.8687,41.487],[0.878,41.4843],[0.8807,41.4861],[0.8822,41.491],[0.8785,41.496],[0.8801,41.5036],[0.8835,41.5073],[0.8911,41.5079],[0.8926,41.5095],[0.8925,41.5123],[0.8892,41.5147],[0.8896,41.5184],[0.8868,41.5224],[0.8792,41.5234],[0.8786,41.5247],[0.8834,41.528],[0.8853,41.5353],[0.8957,41.5323],[0.9037,41.5324],[0.9407,41.5396],[0.9607,41.5387],[1.0026,41.5526],[1.0261,41.5524],[1.0278,41.5508],[1.033,41.5566],[1.0378,41.5575],[1.0356,41.5603],[1.0393,41.5611],[1.0599,41.5603],[1.0706,41.5625],[1.0857,41.5631],[1.09,41.562],[1.0943,41.5633],[1.0982,41.5601],[1.112,41.5668],[1.1373,41.5701],[1.161,41.5705],[1.1703,41.5682],[1.1799,41.5699],[1.1989,41.5678],[1.2086,41.5688],[1.2128,41.5717],[1.2193,41.573],[1.2301,41.5695],[1.2328,41.5716],[1.236,41.5708],[1.2397,41.5761]]]},"properties":{"zhr":"47","ha":82222,"danger":2,"exposure":3,"nfr40":1210,"nfr60":1815}},{"type":"Feature","geometry":{"type":"Polygon","coordinates":[[[0.3575,41.4155],[0.3696,41.4157],[0.3833,41.4111],[0.387,41.4112],[0.3882,41.41],[0.3862,41.4055],[0.3876,41.3962],[0.3947,41.3951],[0.4025,41.3876],[0.4085,41.3857],[0.416,41.3875],[0.4251,41.3869],[0.4269,41.3845],[0.4323,41.3838],[0.4413,41.3861],[0.4507,41.3798],[0.4567,41.3791],[0.4578,41.3775],[0.466,41.3753],[0.4672,41.3716],[0.464,41.3691],[0.469,41.3664],[0.4691,41.3636],[0.4724,41.3624],[0.4742,41.3564],[0.4769,41.3565],[0.4763,41.3589],[0.4784,41.3605],[0.4827,41.359],[0.4837,41.3615],[0.4885,41.3636],[0.4912,41.3632],[0.4923,41.3608],[0.4965,41.3638],[0.5024,41.3651],[0.51,41.3645],[0.5105,41.3657],[0.5163,41.3666],[0.5207,41.3643],[0.5243,41.3696],[0.5287,41.3677],[0.5357,41.3679],[0.5393,41.3712],[0.5436,41.3713],[0.5435,41.3729],[0.5521,41.3751],[0.5525,41.3767],[0.558,41.3756],[0.5696,41.3807],[0.5772,41.3781],[0.5825,41.3806],[0.6212,41.3838],[0.6294,41.3796],[0.6326,41.3796],[0.6393,41.3745],[0.649,41.3735],[0.6572,41.3696],[0.6626,41.3697],[0.6637,41.3673],[0.6747,41.3618],[0.6803,41.3538],[0.6891,41.3483],[0.694,41.3484],[0.6984,41.3453],[0.7032,41.3454],[0.7039,41.343],[0.7082,41.3431],[0.7131,41.3407],[0.7157,41.3416],[0.7292,41.3398],[0.7336,41.3371],[0.7477,41.3357],[0.7508,41.3378],[0.7586,41.3315],[0.7533,41.3289],[0.7539,41.3265],[0.7513,41.3249],[0.7399,41.3271],[0.7292,41.3248],[0.7249,41.3255],[0.7182,41.3331],[0.7084,41.3349],[0.7062,41.3373],[0.7019,41.3385],[0.6971,41.3376],[0.6948,41.3395],[0.6905,41.3395],[0.6823,41.3446],[0.6708,41.3488],[0.6568,41.3489],[0.647,41.3544],[0.6416,41.3539],[0.638,41.3501],[0.6294,41.3508],[0.6176,41.3485],[0.615,41.3448],[0.6164,41.3383],[0.6132,41.3354],[0.6118,41.3297],[0.6071,41.3276],[0.6035,41.3231],[0.5997,41.3226],[0.5977,41.3193],[0.5934,41.3192],[0.5904,41.3143],[0.591,41.3115],[0.5878,41.3102],[0.5863,41.3065],[0.5832,41.3048],[0.5818,41.2983],[0.5786,41.2974],[0.5777,41.293],[0.5745,41.2921],[0.5725,41.2876],[0.5683,41.2851],[0.568,41.2806],[0.5643,41.2789],[0.5629,41.2724],[0.556,41.269],[0.5556,41.2649],[0.553,41.2637],[0.5531,41.2612],[0.5509,41.2616],[0.5451,41.2586],[0.5447,41.255],[0.5362,41.2544],[0.5336,41.2523],[0.5343,41.2475],[0.5524,41.2369],[0.5519,41.2349],[0.5536,41.2337],[0.5468,41.2295],[0.5435,41.2319],[0.5152,41.2354],[0.5062,41.2381],[0.5029,41.2435],[0.5006,41.2571],[0.4945,41.2615],[0.4886,41.2597],[0.478,41.2482],[0.4637,41.2402],[0.4401,41.2368],[0.436,41.2386],[0.4289,41.2487],[0.4182,41.2498],[0.4033,41.2414],[0.378,41.2374],[0.3777,41.2411],[0.3741,41.2447],[0.3737,41.2482],[0.3777,41.2534],[0.3768,41.2613],[0.3784,41.2667],[0.383,41.2744],[0.3871,41.2777],[0.3774,41.2871],[0.365,41.3037],[0.3695,41.3096],[0.3687,41.3169],[0.3507,41.3246],[0.3484,41.3277],[0.3497,41.3317],[0.359,41.3417],[0.3673,41.3415],[0.3672,41.3439],[0.3723,41.3476],[0.3739,41.353],[0.3626,41.3662],[0.3601,41.3713],[0.3534,41.3735],[0.3204,41.3948],[0.3284,41.4038],[0.3412,41.413],[0.3455,41.4131],[0.3535,41.418],[0.3575,41.4155]]]},"properties":{"zhr":"45","ha":31033,"danger":4,"exposure":4,"nfr40":381,"nfr60":572}},{"type":"Feature","geometry":{"type":"Polygon","coordinates":[[[1.0295,41.2615],[1.0328,41.2595],[1.0494,41.2606],[1.056,41.2583],[1.0566,41.2538],[1.0545,41.2522],[1.0627,41.2478],[1.0623,41.2438],[1.0581,41.2384],[1.0593,41.2352],[1.0675,41.2293],[1.0724,41.2289],[1.0735,41.2261],[1.0763,41.2245],[1.0753,41.2197],[1.0775,41.2185],[1.0733,41.2164],[1.0663,41.2163],[1.0685,41.2147],[1.0686,41.2123],[1.0634,41.2057],[1.057,41.2044],[1.0499,41.2075],[1.0458,41.2038],[1.0468,41.2034],[1.0458,41.2013],[1.0308,41.2003],[1.0265,41.2014],[1.0239,41.1993],[1.0164,41.1988],[1.0186,41.1968],[1.024,41.1961],[1.0237,41.1872],[1.021,41.1867],[1.0191,41.1814],[1.0207,41.1798],[1.0208,41.1774],[1.0192,41.1766],[1.0199,41.1713],[1.0243,41.1669],[1.0227,41.1665],[1.0233,41.1645],[1.0207,41.1616],[1.017,41.1607],[1.0136,41.1655],[1.0088,41.1671],[1.0049,41.1698],[1.0049,41.1715],[0.9983,41.1754],[0.9963,41.1701],[0.9986,41.1655],[0.9908,41.164],[0.9924,41.1538],[0.9845,41.1545],[0.9786,41.1532],[0.9688,41.1583],[0.9565,41.158],[0.9499,41.162],[0.9424,41.1631],[0.9352,41.1682],[0.9323,41.1775],[0.9224,41.1842],[0.9223,41.1878],[0.9249,41.1891],[0.927,41.1928],[0.9312,41.1941],[0.9317,41.1969],[0.9272,41.2025],[0.9212,41.204],[0.9209,41.2133],[0.9225,41.2162],[0.9315,41.22],[0.9366,41.2266],[0.9533,41.2245],[0.9543,41.2277],[0.9617,41.2319],[0.9632,41.2348],[0.9696,41.2361],[0.9711,41.2398],[0.9758,41.2435],[0.9833,41.2444],[0.9864,41.2481],[0.9998,41.25],[1.0036,41.248],[1.0068,41.2509],[1.0164,41.2527],[1.0243,41.2565],[1.0231,41.2609],[1.0295,41.2615]]]},"properties":{"zhr":"60","ha":9056,"danger":2,"exposure":3,"nfr40":509,"nfr60":764}},{"type":"Feature","geometry":{"type":"Polygon","coordinates":[[[0.9568,41.353],[0.9601,41.3514],[0.9597,41.349],[0.963,41.3466],[0.963,41.3442],[0.9755,41.3428],[0.9755,41.34],[0.982,41.3405],[0.988,41.3369],[0.9983,41.3355],[1.0034,41.3259],[1.0061,41.3255],[1.0146,41.3289],[1.0168,41.3281],[1.0159,41.3208],[1.0069,41.3178],[1.007,41.3146],[1.0119,41.3114],[1.0056,41.3064],[0.9992,41.3059],[0.9977,41.3022],[0.9919,41.2985],[0.9952,41.2949],[0.9937,41.2904],[1.0001,41.2918],[1.0131,41.2895],[1.0169,41.2876],[1.022,41.2808],[1.0295,41.2789],[1.035,41.2749],[1.0426,41.2746],[1.0454,41.269],[1.0476,41.2678],[1.053,41.2683],[1.0579,41.2636],[1.058,41.2599],[1.0554,41.2582],[1.0494,41.2606],[1.0328,41.2595],[1.0295,41.2615],[1.0231,41.2609],[1.0243,41.2565],[1.0164,41.2527],[1.0078,41.2514],[1.0036,41.248],[0.9998,41.25],[0.9864,41.2481],[0.9833,41.2444],[0.9758,41.2435],[0.9711,41.2398],[0.9696,41.2361],[0.9632,41.2348],[0.9617,41.2319],[0.9543,41.2277],[0.9533,41.2245],[0.9366,41.2266],[0.9341,41.2221],[0.9294,41.2188],[0.924,41.2174],[0.9215,41.2133],[0.9123,41.2164],[0.9037,41.2151],[0.8998,41.2202],[0.8916,41.2233],[0.8856,41.2277],[0.8871,41.2318],[0.8907,41.2347],[0.894,41.2331],[0.901,41.2332],[0.9068,41.2374],[0.9243,41.2426],[0.9204,41.2466],[0.923,41.2503],[0.9139,41.2501],[0.9079,41.2536],[0.9113,41.2622],[0.915,41.2643],[0.9155,41.2663],[0.9128,41.2679],[0.9094,41.2735],[0.9103,41.2768],[0.9124,41.278],[0.9118,41.2813],[0.9085,41.284],[0.9084,41.2869],[0.9029,41.2916],[0.905,41.2937],[0.9049,41.2961],[0.9165,41.304],[0.9157,41.3093],[0.9183,41.3126],[0.9075,41.3156],[0.8998,41.3212],[0.8896,41.319],[0.8674,41.3234],[0.853,41.3207],[0.8524,41.3223],[0.8545,41.324],[0.8517,41.3268],[0.8522,41.3292],[0.8547,41.3337],[0.8627,41.3383],[0.8771,41.3414],[0.8846,41.3412],[0.9006,41.3455],[0.9011,41.3475],[0.9107,41.3493],[0.9236,41.3484],[0.9354,41.3502],[0.9387,41.349],[0.9456,41.35],[0.9488,41.3525],[0.9568,41.353]]]},"properties":{"zhr":"59","ha":12196,"danger":0,"exposure":3,"nfr40":240,"nfr60":360}},{"type":"Feature","geometry":{"type":"Polygon","coordinates":[[[1.4241,41.4041],[1.4259,41.3997],[1.4254,41.3948],[1.4276,41.3944],[1.4271,41.3916],[1.4298,41.3912],[1.4386,41.3845],[1.444,41.3845],[1.4467,41.3825],[1.4661,41.3844],[1.4655,41.3864],[1.4676,41.3885],[1.4869,41.39],[1.4897,41.3876],[1.4901,41.3904],[1.4917,41.3908],[1.489,41.3932],[1.49,41.3969],[1.4942,41.401],[1.4996,41.3986],[1.5034,41.3991],[1.506,41.4016],[1.5119,41.4016],[1.5125,41.4004],[1.5179,41.4005],[1.5261,41.3953],[1.5235,41.3896],[1.5327,41.3885],[1.5376,41.3854],[1.5386,41.3874],[1.5419,41.387],[1.544,41.3891],[1.551,41.39],[1.551,41.388],[1.5559,41.3844],[1.5599,41.3771],[1.5722,41.3773],[1.575,41.3757],[1.5761,41.3729],[1.6246,41.3767],[1.6195,41.3572],[1.6146,41.3575],[1.6141,41.3591],[1.6097,41.3603],[1.6102,41.364],[1.5989,41.363],[1.5926,41.3573],[1.5894,41.3532],[1.5885,41.3487],[1.5793,41.3379],[1.5737,41.3339],[1.5727,41.3319],[1.5738,41.3295],[1.551,41.3255],[1.5476,41.3224],[1.5506,41.3181],[1.5483,41.316],[1.5269,41.3069],[1.5249,41.3045],[1.5216,41.3073],[1.52,41.3069],[1.5169,41.302],[1.4979,41.2915],[1.486,41.2915],[1.4774,41.2817],[1.475,41.2765],[1.4608,41.2706],[1.4562,41.273],[1.4472,41.2734],[1.434,41.2778],[1.4314,41.2774],[1.43,41.2817],[1.4236,41.2823],[1.4154,41.2871],[1.3924,41.291],[1.3792,41.2977],[1.3728,41.2977],[1.359,41.2931],[1.3526,41.2948],[1.3515,41.2961],[1.3536,41.3055],[1.3517,41.3103],[1.3512,41.3217],[1.3584,41.3403],[1.3578,41.346],[1.3634,41.3527],[1.3639,41.3583],[1.367,41.3648],[1.3652,41.3721],[1.3658,41.3772],[1.3617,41.3814],[1.3698,41.3819],[1.3831,41.3865],[1.3932,41.394],[1.4017,41.3965],[1.4027,41.4018],[1.4059,41.3998],[1.4113,41.4003],[1.4119,41.3991],[1.4189,41.3984],[1.4241,41.4041]]]},"properties":{"zhr":"64","ha":20004,"danger":1,"exposure":4,"nfr40":59,"nfr60":88}},{"type":"Feature","geometry":{"type":"Polygon","coordinates":[[[0.9224,41.1846],[0.9323,41.1775],[0.9336,41.1706],[0.9369,41.1666],[0.9424,41.1631],[0.9499,41.162],[0.9538,41.1588],[0.9597,41.1581],[0.9625,41.1557],[0.9626,41.1525],[0.9663,41.1513],[0.967,41.1477],[0.973,41.1445],[0.9747,41.1405],[0.9796,41.1374],[0.9793,41.1305],[0.981,41.1289],[0.9801,41.122],[0.9823,41.12],[0.9831,41.1135],[0.9852,41.1119],[0.9853,41.1087],[0.9881,41.1067],[0.9904,41.1015],[0.9926,41.1007],[0.9922,41.0938],[0.9978,41.0854],[0.9968,41.083],[0.9985,41.0814],[0.9986,41.0777],[1.0025,41.0745],[1.0004,41.0709],[0.9977,41.0712],[0.9983,41.0696],[1.0059,41.0669],[1.006,41.0649],[1.0092,41.0637],[1.0126,41.0569],[1.0228,41.0519],[1.017,41.0514],[1.0032,41.043],[0.9934,41.043],[0.9879,41.041],[0.9706,41.0295],[0.9671,41.0287],[0.9392,41.0047],[0.9312,40.9914],[0.9248,40.9926],[0.9229,40.9979],[0.9107,41.0082],[0.9061,41.0099],[0.9011,41.0171],[0.8988,41.018],[0.8939,41.0175],[0.8892,41.0142],[0.878,41.0143],[0.8686,41.0118],[0.8632,41.0064],[0.8474,41.0049],[0.8451,41.0036],[0.8367,41.0043],[0.8316,41.0082],[0.8279,41.0086],[0.8193,41.0084],[0.814,41.0063],[0.8075,41.0086],[0.8027,41.0081],[0.8028,41.0056],[0.8007,41.006],[0.8,41.0096],[0.8022,41.0107],[0.8057,41.018],[0.8112,41.0227],[0.8116,41.0262],[0.8048,41.027],[0.8031,41.0227],[0.7997,41.0243],[0.7985,41.0228],[0.7957,41.023],[0.794,41.0245],[0.7861,41.0244],[0.7806,41.0295],[0.7859,41.0321],[0.7863,41.0345],[0.7901,41.0354],[0.7921,41.0387],[0.7958,41.0392],[0.7984,41.0416],[0.7988,41.0445],[0.8015,41.0453],[0.8055,41.0535],[0.8103,41.0552],[0.8141,41.0541],[0.8247,41.0555],[0.831,41.0609],[0.8309,41.0625],[0.8398,41.068],[0.8463,41.0669],[0.8508,41.0779],[0.8469,41.0819],[0.8591,41.0866],[0.8617,41.089],[0.8646,41.0964],[0.8683,41.0989],[0.868,41.107],[0.876,41.1079],[0.8848,41.1174],[0.8945,41.1172],[0.8955,41.1197],[0.8917,41.1224],[0.8915,41.1285],[0.8893,41.1293],[0.8885,41.1365],[0.9053,41.164],[0.9047,41.1676],[0.9008,41.1704],[0.9013,41.1745],[0.9065,41.1794],[0.9124,41.1783],[0.9155,41.1816],[0.9224,41.1846]]]},"properties":{"zhr":"75","ha":19967,"danger":4,"exposure":4,"nfr40":67,"nfr60":101}},{"type":"Feature","geometry":{"type":"Polygon","coordinates":[[[0.5006,41.2571],[0.5029,41.2435],[0.5062,41.2381],[0.5152,41.2354],[0.5435,41.2319],[0.5508,41.2223],[0.5573,41.2065],[0.5663,41.2067],[0.5762,41.2101],[0.5768,41.2026],[0.5721,41.1951],[0.5706,41.1803],[0.5735,41.1754],[0.5868,41.1724],[0.584,41.1695],[0.5741,41.1644],[0.5673,41.1647],[0.5658,41.1631],[0.5643,41.1502],[0.5633,41.1475],[0.5609,41.1468],[0.5604,41.1417],[0.5572,41.1397],[0.5571,41.137],[0.5492,41.1285],[0.5425,41.1261],[0.5385,41.1223],[0.5344,41.1131],[0.5348,41.1106],[0.5311,41.109],[0.5312,41.1055],[0.5346,41.1015],[0.5314,41.1001],[0.5296,41.0969],[0.5205,41.0951],[0.5099,41.084],[0.5055,41.0859],[0.5003,41.083],[0.4936,41.0819],[0.4917,41.0833],[0.4825,41.0765],[0.4612,41.0699],[0.4536,41.0709],[0.4444,41.068],[0.4264,41.0584],[0.4268,41.0547],[0.4247,41.0493],[0.4137,41.0447],[0.4001,41.032],[0.401,41.0272],[0.3998,41.0231],[0.4017,41.0211],[0.3978,41.0187],[0.3984,41.0165],[0.3969,41.0145],[0.3924,41.0136],[0.3916,41.0067],[0.3897,41.0058],[0.3888,41.0021],[0.3762,40.9995],[0.3738,40.997],[0.367,40.9957],[0.3598,40.991],[0.3611,40.9891],[0.3573,40.9882],[0.3451,40.9863],[0.3407,40.989],[0.3332,40.9892],[0.3297,40.9827],[0.3238,40.9834],[0.3143,40.9807],[0.3104,40.983],[0.3034,40.9837],[0.3014,40.9824],[0.2975,40.9852],[0.2932,40.9851],[0.2893,40.9765],[0.2893,40.9753],[0.2915,40.9753],[0.2911,40.9729],[0.2831,40.9744],[0.2803,40.9789],[0.2821,40.9816],[0.2807,40.9871],[0.273,40.9928],[0.2715,40.9964],[0.2686,40.9984],[0.2696,41.0021],[0.2742,41.0061],[0.2701,41.0102],[0.2609,41.0113],[0.2588,41.0148],[0.2603,41.0185],[0.2632,41.0196],[0.2767,41.0189],[0.279,41.0192],[0.2791,41.0212],[0.273,41.0257],[0.2653,41.0253],[0.2577,41.0293],[0.2499,41.0353],[0.2456,41.041],[0.2433,41.0393],[0.2437,41.0359],[0.2423,41.0346],[0.231,41.0355],[0.2291,41.0381],[0.234,41.0446],[0.2317,41.0467],[0.2272,41.0458],[0.2219,41.0419],[0.2177,41.044],[0.2184,41.0476],[0.2283,41.0534],[0.2273,41.0565],[0.2197,41.0606],[0.2176,41.064],[0.2178,41.0688],[0.2218,41.0729],[0.2153,41.0777],[0.2229,41.0809],[0.2187,41.0851],[0.2062,41.0835],[0.2004,41.086],[0.2004,41.1055],[0.2049,41.1076],[0.2052,41.114],[0.2082,41.1177],[0.2016,41.1231],[0.201,41.1261],[0.2075,41.1286],[0.2072,41.1228],[0.2126,41.1206],[0.2127,41.1181],[0.2166,41.1146],[0.2226,41.1131],[0.2265,41.1095],[0.2328,41.1125],[0.2327,41.1141],[0.243,41.1116],[0.2531,41.113],[0.2563,41.1155],[0.2561,41.12],[0.2539,41.1203],[0.2544,41.122],[0.2511,41.1239],[0.2497,41.1312],[0.2512,41.1346],[0.2505,41.1387],[0.2551,41.1434],[0.2526,41.1498],[0.2704,41.1487],[0.2884,41.1586],[0.2927,41.1582],[0.2928,41.16],[0.297,41.1619],[0.3008,41.1611],[0.303,41.163],[0.3019,41.1653],[0.3068,41.1818],[0.3058,41.1849],[0.3139,41.2004],[0.314,41.206],[0.3178,41.2106],[0.3191,41.2203],[0.3287,41.2194],[0.335,41.2227],[0.3404,41.2208],[0.343,41.2237],[0.3369,41.2281],[0.3393,41.2303],[0.3551,41.2257],[0.361,41.2255],[0.3637,41.2276],[0.3647,41.2381],[0.378,41.2374],[0.4001,41.2407],[0.406,41.2425],[0.4182,41.2498],[0.4289,41.2487],[0.4374,41.2377],[0.4476,41.2369],[0.4637,41.2402],[0.4736,41.2448],[0.4902,41.2608],[0.4965,41.261],[0.5006,41.2571]]]},"properties":{"zhr":"56","ha":55775,"danger":3,"exposure":4,"nfr40":298,"nfr60":446}},{"type":"Feature","geometry":{"type":"Polygon","coordinates":[[[0.6037,41.0329],[0.6088,41.0325],[0.606,41.0314],[0.6001,41.0323],[0.6007,41.0245],[0.6122,41.0256],[0.6191,41.0231],[0.6249,41.019],[0.6238,41.0149],[0.6284,41.0154],[0.6269,41.0091],[0.6234,41.0079],[0.6344,41.0031],[0.6428,40.9967],[0.6414,40.9941],[0.6427,40.9886],[0.6484,40.9852],[0.651,40.9722],[0.6561,40.9697],[0.6578,40.9671],[0.6558,40.9646],[0.6591,40.9623],[0.6581,40.9574],[0.6605,40.9549],[0.6615,40.9484],[0.666,40.9439],[0.6699,40.9347],[0.6685,40.9279],[0.6733,40.9207],[0.6739,40.9163],[0.6781,40.913],[0.696,40.9075],[0.6939,40.9054],[0.6826,40.908],[0.683,40.8979],[0.6782,40.8974],[0.674,40.8949],[0.6666,40.8935],[0.6606,40.8958],[0.6521,40.8949],[0.6533,40.8929],[0.6517,40.892],[0.6519,40.8855],[0.6568,40.884],[0.6526,40.8803],[0.6569,40.88],[0.6586,40.8784],[0.6576,40.8767],[0.6598,40.8752],[0.6598,40.8731],[0.662,40.8728],[0.6621,40.8687],[0.6512,40.86],[0.6503,40.8551],[0.6525,40.8531],[0.6468,40.8498],[0.6399,40.8484],[0.6416,40.8448],[0.6407,40.8407],[0.6381,40.8394],[0.6443,40.8294],[0.6459,40.8295],[0.6467,40.821],[0.6513,40.8134],[0.6525,40.8077],[0.664,40.7998],[0.6702,40.7898],[0.6838,40.782],[0.6835,40.7771],[0.6964,40.7721],[0.6969,40.7588],[0.6917,40.7558],[0.6762,40.7567],[0.6753,40.7518],[0.6695,40.7505],[0.6629,40.7556],[0.6633,40.7581],[0.6579,40.7612],[0.6594,40.7649],[0.6512,40.77],[0.6506,40.7724],[0.6406,40.7836],[0.6404,40.7876],[0.6324,40.7883],[0.6248,40.7917],[0.6209,40.7965],[0.6212,40.8022],[0.6195,40.805],[0.6163,40.8074],[0.6099,40.8052],[0.6098,40.8077],[0.6082,40.8084],[0.6062,40.806],[0.6063,40.8023],[0.6085,40.8011],[0.6075,40.7983],[0.6109,40.7931],[0.6095,40.7874],[0.6128,40.7846],[0.6102,40.7821],[0.6103,40.7797],[0.6072,40.7776],[0.6106,40.7732],[0.6097,40.7679],[0.6087,40.7655],[0.6061,40.7642],[0.6052,40.7589],[0.6021,40.7548],[0.6049,40.7516],[0.6056,40.7464],[0.6073,40.7448],[0.6058,40.7427],[0.606,40.7379],[0.6092,40.7359],[0.6088,40.7339],[0.6174,40.7308],[0.6171,40.7235],[0.6194,40.7203],[0.622,40.7204],[0.6147,40.7178],[0.6135,40.7194],[0.6109,40.7185],[0.6081,40.7213],[0.6008,40.7179],[0.5949,40.719],[0.5916,40.7213],[0.5904,40.725],[0.5919,40.7278],[0.5892,40.7286],[0.5874,40.7338],[0.5739,40.7283],[0.5702,40.7432],[0.5646,40.7524],[0.5457,40.7621],[0.524,40.7889],[0.5227,40.8119],[0.5174,40.8264],[0.5243,40.8462],[0.5187,40.849],[0.5093,40.8635],[0.506,40.8859],[0.4921,40.8959],[0.4971,40.8989],[0.5019,40.8974],[0.504,40.9003],[0.5087,40.9008],[0.5081,40.9044],[0.5096,40.9068],[0.5,40.9141],[0.4881,40.928],[0.4867,40.9331],[0.4899,40.938],[0.4911,40.9444],[0.4845,40.9518],[0.4876,40.9555],[0.5023,40.9564],[0.5096,40.9583],[0.5114,40.9601],[0.512,40.9723],[0.5352,40.9927],[0.5543,40.9997],[0.5637,41.0073],[0.5721,41.0023],[0.5786,41.0032],[0.591,41.0304],[0.5973,41.036],[0.6,41.0361],[0.6037,41.0329]]]},"properties":{"zhr":"73","ha":34582,"danger":3,"exposure":4,"nfr40":48,"nfr60":71}},{"type":"Feature","geometry":{"type":"Polygon","coordinates":[[[1.0378,42.4252],[1.0441,42.4176],[1.0448,42.4099],[1.0622,42.3976],[1.0671,42.3977],[1.0765,42.3942],[1.0878,42.3835],[1.108,42.3838],[1.1106,42.3879],[1.1122,42.3879],[1.1156,42.3831],[1.1254,42.3861],[1.1338,42.3802],[1.1354,42.3802],[1.1353,42.3834],[1.1314,42.3866],[1.1313,42.3886],[1.1263,42.3914],[1.1302,42.3902],[1.1361,42.3924],[1.1498,42.393],[1.1617,42.398],[1.171,42.3982],[1.1864,42.3936],[1.1906,42.3985],[1.2003,42.4043],[1.2019,42.4068],[1.2062,42.4093],[1.2149,42.409],[1.2149,42.4106],[1.2187,42.4127],[1.2208,42.416],[1.2267,42.4193],[1.2448,42.4172],[1.2463,42.401],[1.2448,42.3977],[1.2441,42.3831],[1.2371,42.3802],[1.2363,42.3684],[1.2287,42.3687],[1.2255,42.3646],[1.2136,42.3616],[1.2082,42.3583],[1.1738,42.3565],[1.1717,42.354],[1.1598,42.3498],[1.1584,42.3429],[1.1551,42.3428],[1.1558,42.3376],[1.1537,42.3339],[1.1561,42.3266],[1.1759,42.3213],[1.1778,42.3124],[1.1693,42.305],[1.166,42.3057],[1.1639,42.3037],[1.164,42.3004],[1.1685,42.2944],[1.1675,42.2911],[1.1594,42.2898],[1.1551,42.2857],[1.1558,42.2816],[1.1625,42.2769],[1.1626,42.2724],[1.1643,42.2716],[1.1633,42.268],[1.1611,42.2675],[1.1601,42.2647],[1.1552,42.2638],[1.1547,42.2614],[1.151,42.2597],[1.151,42.2572],[1.1549,42.2545],[1.1556,42.2492],[1.1584,42.2464],[1.1467,42.2389],[1.1444,42.2401],[1.1391,42.2372],[1.1421,42.2275],[1.1548,42.2229],[1.156,42.2192],[1.1674,42.2194],[1.1687,42.2134],[1.1671,42.2113],[1.1685,42.2012],[1.1626,42.1958],[1.1628,42.1914],[1.1437,42.1919],[1.1458,42.1745],[1.1437,42.1724],[1.1433,42.1663],[1.1374,42.1654],[1.1391,42.161],[1.1419,42.1594],[1.1421,42.153],[1.1286,42.1491],[1.1264,42.1507],[1.1198,42.151],[1.108,42.1455],[1.1047,42.1471],[1.0889,42.146],[1.0813,42.1475],[1.0781,42.1454],[1.0731,42.1465],[1.064,42.1427],[1.0492,42.1437],[1.045,42.14],[1.0406,42.1399],[1.04,42.1423],[1.0378,42.1435],[1.0389,42.1452],[1.0372,42.1451],[1.0303,42.1397],[1.0293,42.1373],[1.0261,42.1364],[1.019,42.1367],[1.015,42.1427],[1.0084,42.1434],[1.0014,42.1405],[0.9924,42.1326],[0.9811,42.1296],[0.9807,42.1255],[0.979,42.1271],[0.9746,42.1274],[0.9701,42.131],[0.9582,42.1312],[0.9469,42.1261],[0.9419,42.1277],[0.9312,42.1238],[0.9306,42.1262],[0.9344,42.1267],[0.9354,42.1287],[0.953,42.138],[0.9561,42.1445],[0.9501,42.1456],[0.9366,42.1417],[0.934,42.1384],[0.9296,42.1388],[0.9258,42.1371],[0.9206,42.1297],[0.904,42.1229],[0.9007,42.1229],[0.9,42.1269],[0.9016,42.1289],[0.8988,42.1325],[0.8955,42.1321],[0.8921,42.1357],[0.883,42.1327],[0.8818,42.1351],[0.8714,42.1381],[0.869,42.1425],[0.856,42.1419],[0.8527,42.143],[0.8462,42.1417],[0.8346,42.1455],[0.8277,42.1422],[0.8227,42.1429],[0.8081,42.141],[0.7976,42.1444],[0.7975,42.1473],[0.8007,42.1498],[0.8006,42.153],[0.7955,42.1582],[0.7942,42.1638],[0.799,42.1684],[0.7945,42.1727],[0.7925,42.1836],[0.7881,42.1848],[0.7857,42.1892],[0.7866,42.1941],[0.7925,42.1974],[0.8093,42.2014],[0.8157,42.2064],[0.8156,42.2084],[0.8177,42.2092],[0.8171,42.2125],[0.8192,42.2145],[0.8184,42.2202],[0.8168,42.2214],[0.8172,42.2258],[0.8144,42.2274],[0.8159,42.2299],[0.8147,42.2327],[0.8158,42.2351],[0.8201,42.236],[0.8227,42.2389],[0.8281,42.2411],[0.8319,42.2411],[0.8327,42.2484],[0.8365,42.2493],[0.8413,42.2547],[0.8477,42.2584],[0.8491,42.2662],[0.8539,42.2695],[0.8526,42.2756],[0.8557,42.2797],[0.8555,42.2841],[0.8593,42.2858],[0.8608,42.2907],[0.8716,42.2933],[0.8742,42.2986],[0.8713,42.3014],[0.8653,42.3025],[0.8635,42.3057],[0.8581,42.3065],[0.8574,42.3093],[0.8474,42.3144],[0.8338,42.3145],[0.833,42.3202],[0.8303,42.3201],[0.8333,42.3267],[0.8383,42.3268],[0.8404,42.3288],[0.8386,42.3316],[0.8395,42.3369],[0.8417,42.3382],[0.841,42.3434],[0.848,42.3452],[0.8468,42.348],[0.844,42.3491],[0.845,42.3528],[0.8434,42.3532],[0.8438,42.3568],[0.8399,42.3592],[0.8392,42.3632],[0.8364,42.3652],[0.8357,42.368],[0.8389,42.3722],[0.8387,42.3774],[0.8403,42.3783],[0.8413,42.3827],[0.8389,42.3884],[0.8421,42.3896],[0.8401,42.4014],[0.8421,42.4054],[0.8498,42.4052],[0.8537,42.4024],[0.8647,42.4002],[0.8665,42.395],[0.8716,42.3918],[0.8841,42.392],[0.8853,42.39],[0.8913,42.3893],[0.8997,42.3838],[0.9115,42.3893],[0.912,42.3917],[0.9153,42.3926],[0.9157,42.3951],[0.9248,42.4013],[0.9279,42.4062],[0.9277,42.4143],[0.9303,42.4172],[0.9408,42.4141],[0.942,42.4101],[0.9471,42.4066],[0.9509,42.4058],[0.9607,42.4064],[0.9674,42.4037],[0.9783,42.4035],[0.9864,42.4073],[0.9962,42.4086],[1.0111,42.4044],[1.022,42.4067],[1.0252,42.4091],[1.0255,42.4177],[1.0275,42.4238],[1.0291,42.425],[1.0324,42.4239],[1.0378,42.4252]]]},"properties":{"zhr":"5","ha":81306,"danger":1,"exposure":2,"nfr40":563,"nfr60":844}},{"type":"Feature","geometry":{"type":"Polygon","coordinates":[[[2.0287,41.4663],[2.0295,41.4676],[2.0279,41.4708],[2.0302,41.4782],[2.0285,41.4946],[2.0331,41.5055],[2.0336,41.5148],[2.0377,41.5225],[2.0368,41.5262],[2.0331,41.5303],[2.0327,41.5339],[2.0243,41.5374],[2.0212,41.543],[2.0162,41.545],[2.0143,41.5479],[2.0083,41.5486],[1.9939,41.5553],[1.976,41.5558],[1.9747,41.5566],[1.9751,41.5599],[1.9695,41.5649],[1.9703,41.5706],[1.9735,41.5738],[1.9822,41.5777],[1.9865,41.5852],[1.9971,41.5895],[1.9976,41.593],[2.0026,41.5953],[2.0388,41.5965],[2.0437,41.5905],[2.0508,41.5865],[2.0595,41.585],[2.0693,41.587],[2.0783,41.5848],[2.0788,41.5936],[2.0761,41.5932],[2.0742,41.5988],[2.0799,41.6207],[2.0914,41.6201],[2.0951,41.6225],[2.099,41.6169],[2.1044,41.6165],[2.1104,41.6129],[2.1099,41.6101],[2.1115,41.6085],[2.1137,41.6077],[2.1153,41.6093],[2.1196,41.6077],[2.1208,41.6021],[2.124,41.6017],[2.1257,41.5984],[2.1322,41.5977],[2.1377,41.5896],[2.142,41.5897],[2.1426,41.586],[2.1464,41.5832],[2.1503,41.5735],[2.1558,41.5683],[2.1569,41.563],[2.1597,41.5606],[2.1597,41.5557],[2.163,41.5537],[2.1642,41.5477],[2.1679,41.5465],[2.1685,41.5416],[2.1713,41.5384],[2.1708,41.536],[2.1778,41.5328],[2.1773,41.5315],[2.1806,41.5299],[2.186,41.5227],[2.1893,41.5215],[2.1899,41.5166],[2.1921,41.5146],[2.1917,41.5033],[2.1895,41.5024],[2.1917,41.498],[2.1901,41.4976],[2.1919,41.4867],[2.1881,41.487],[2.1849,41.4854],[2.1816,41.487],[2.1765,41.4834],[2.1576,41.4853],[2.1537,41.4825],[2.1444,41.481],[2.1337,41.4834],[2.1268,41.4824],[2.1193,41.4844],[2.1116,41.4822],[2.0957,41.4722],[2.0747,41.4689],[2.0459,41.4682],[2.0367,41.4656],[2.0321,41.465],[2.0287,41.4663]]]},"properties":{"zhr":"52","ha":18183,"danger":3,"exposure":2,"nfr40":781,"nfr60":1172}},{"type":"Feature","geometry":{"type":"Polygon","coordinates":[[[1.9344,41.4789],[1.9454,41.4674],[1.9547,41.4743],[1.9601,41.4749],[1.9639,41.4731],[1.9739,41.4634],[1.9784,41.4492],[1.9954,41.4357],[2.0036,41.426],[2.0109,41.4078],[2.0265,41.3842],[2.028,41.3789],[2.0373,41.3691],[2.047,41.3637],[2.0482,41.3615],[2.0455,41.3518],[2.0468,41.3486],[2.0511,41.3461],[2.0451,41.3343],[2.0242,41.3188],[2.0029,41.2982],[1.9738,41.275],[1.9641,41.2688],[1.9384,41.2658],[1.9393,41.263],[1.9292,41.2607],[1.9299,41.2591],[1.9239,41.2566],[1.9227,41.2568],[1.9288,41.2596],[1.9281,41.2609],[1.9251,41.26],[1.9256,41.2589],[1.923,41.2594],[1.924,41.258],[1.9231,41.2574],[1.9235,41.2584],[1.9215,41.2588],[1.9044,41.2541],[1.9006,41.2489],[1.8991,41.2491],[1.9004,41.2492],[1.9014,41.2521],[1.8987,41.2507],[1.8996,41.2498],[1.8978,41.2509],[1.8901,41.2475],[1.8694,41.2429],[1.8691,41.2406],[1.8669,41.2393],[1.8677,41.2382],[1.866,41.2367],[1.8666,41.239],[1.8628,41.2399],[1.861,41.2361],[1.8553,41.2339],[1.8514,41.2349],[1.8382,41.2341],[1.8286,41.2368],[1.8271,41.2331],[1.824,41.2321],[1.8264,41.2344],[1.8217,41.2347],[1.825,41.2333],[1.8213,41.2332],[1.8211,41.2355],[1.8171,41.2361],[1.7954,41.2301],[1.7913,41.2265],[1.7898,41.2269],[1.7884,41.2237],[1.7883,41.2247],[1.7815,41.2232],[1.7774,41.2239],[1.7615,41.2189],[1.7533,41.2198],[1.7498,41.218],[1.7426,41.2183],[1.7369,41.2142],[1.7381,41.2108],[1.7344,41.21],[1.7339,41.2084],[1.7294,41.2058],[1.7335,41.2087],[1.7336,41.2113],[1.7375,41.211],[1.7366,41.2133],[1.7337,41.213],[1.7365,41.2136],[1.7356,41.216],[1.7335,41.2155],[1.7336,41.2137],[1.7329,41.2154],[1.7275,41.2149],[1.7296,41.2143],[1.728,41.2137],[1.7292,41.2135],[1.7297,41.2121],[1.7282,41.213],[1.7293,41.2103],[1.731,41.2102],[1.7281,41.2096],[1.7288,41.2082],[1.7272,41.2099],[1.7287,41.2101],[1.7277,41.2118],[1.7162,41.2122],[1.707,41.2075],[1.6982,41.2082],[1.6928,41.2069],[1.6739,41.1985],[1.6569,41.196],[1.6553,41.1947],[1.6567,41.1939],[1.647,41.1928],[1.6546,41.1961],[1.6489,41.1957],[1.6489,41.1945],[1.6471,41.1937],[1.6483,41.1946],[1.6456,41.1952],[1.6432,41.1946],[1.6445,41.1937],[1.6404,41.1945],[1.6392,41.1939],[1.6403,41.193],[1.6382,41.194],[1.6366,41.1936],[1.6375,41.1926],[1.6312,41.1929],[1.6293,41.1922],[1.6304,41.1915],[1.6283,41.1912],[1.6266,41.1923],[1.624,41.1905],[1.6227,41.1918],[1.6207,41.1909],[1.6215,41.1903],[1.6152,41.1909],[1.6086,41.1891],[1.6085,41.1864],[1.6057,41.1861],[1.6075,41.1877],[1.6017,41.1889],[1.5813,41.1875],[1.5736,41.1921],[1.5747,41.1966],[1.5736,41.1989],[1.5748,41.1997],[1.5734,41.2036],[1.5747,41.2061],[1.5725,41.2087],[1.5754,41.2209],[1.5739,41.2215],[1.5745,41.2259],[1.5773,41.2294],[1.5955,41.2362],[1.6037,41.2334],[1.6135,41.2384],[1.6146,41.2427],[1.6188,41.2455],[1.6214,41.2511],[1.6264,41.2538],[1.6315,41.2629],[1.6341,41.2626],[1.637,41.2662],[1.6386,41.2658],[1.6443,41.2764],[1.6544,41.2798],[1.653,41.2841],[1.6563,41.2915],[1.6661,41.2972],[1.6706,41.3027],[1.6768,41.3038],[1.6811,41.3006],[1.6953,41.3021],[1.6967,41.3044],[1.7024,41.3054],[1.7063,41.3101],[1.7149,41.316],[1.719,41.3165],[1.7219,41.3149],[1.7246,41.3166],[1.7368,41.3288],[1.7418,41.3297],[1.7784,41.3503],[1.7801,41.3541],[1.7787,41.3566],[1.7797,41.3606],[1.7921,41.3607],[1.7931,41.3628],[1.8001,41.3637],[1.7995,41.3673],[1.8038,41.3694],[1.8053,41.3739],[1.808,41.3759],[1.7982,41.3799],[1.7981,41.3868],[1.7959,41.39],[1.7899,41.3911],[1.782,41.3854],[1.7782,41.3853],[1.7722,41.3885],[1.7598,41.3888],[1.7644,41.3929],[1.7767,41.3992],[1.7801,41.408],[1.784,41.4121],[1.7959,41.4191],[1.8291,41.4248],[1.8378,41.4305],[1.8444,41.4409],[1.8584,41.4445],[1.8584,41.4469],[1.8613,41.4495],[1.8757,41.4513],[1.876,41.4545],[1.8824,41.4557],[1.884,41.459],[1.893,41.4629],[1.9099,41.466],[1.9158,41.4708],[1.9241,41.4713],[1.9298,41.4784],[1.9344,41.4789]]]},"properties":{"zhr":"67","ha":60085,"danger":3,"exposure":4,"nfr40":81,"nfr60":122}},{"type":"Feature","geometry":{"type":"Polygon","coordinates":[[[2.4556,41.5555],[2.4569,41.5526],[2.4529,41.5489],[2.4581,41.5393],[2.4551,41.5361],[2.4525,41.5361],[2.4475,41.5329],[2.4498,41.5293],[2.4455,41.5261],[2.4493,41.5294],[2.4481,41.5316],[2.444,41.5302],[2.4447,41.5279],[2.4423,41.529],[2.418,41.5163],[2.3996,41.5037],[2.3707,41.4907],[2.3713,41.4883],[2.369,41.4871],[2.3708,41.4883],[2.368,41.4884],[2.3697,41.4899],[2.3666,41.4891],[2.3688,41.4907],[2.3248,41.4787],[2.3129,41.4734],[2.3171,41.4771],[2.3135,41.4763],[2.3146,41.4754],[2.3089,41.4753],[2.3123,41.4747],[2.3095,41.474],[2.3086,41.4752],[2.2768,41.4636],[2.2563,41.4511],[2.2463,41.4405],[2.2288,41.4131],[2.2154,41.4017],[2.2142,41.4],[2.2155,41.3989],[2.213,41.3986],[2.2109,41.396],[2.2117,41.395],[2.2098,41.3966],[2.211,41.3951],[2.208,41.395],[2.2044,41.3917],[2.2058,41.3905],[2.2016,41.3896],[2.2036,41.3875],[2.2004,41.3837],[2.1993,41.3838],[2.2027,41.3866],[2.2004,41.386],[2.2021,41.3873],[2.2005,41.3885],[2.1984,41.3866],[2.1998,41.3849],[2.1983,41.3852],[2.1958,41.3824],[2.1964,41.3814],[2.1927,41.3792],[2.1889,41.3705],[2.1902,41.3696],[2.1884,41.3698],[2.1867,41.3656],[2.1836,41.3642],[2.1752,41.3506],[2.1719,41.3351],[2.1719,41.3378],[2.17,41.338],[2.1721,41.3387],[2.1739,41.3503],[2.1757,41.3529],[2.1747,41.3532],[2.1823,41.3648],[2.1867,41.367],[2.1872,41.3703],[2.1859,41.3682],[2.1861,41.3704],[2.1853,41.3683],[2.1844,41.3705],[2.1874,41.371],[2.1858,41.3717],[2.1877,41.3725],[2.1868,41.3748],[2.1848,41.3728],[2.185,41.375],[2.1869,41.3758],[2.1862,41.3802],[2.1847,41.3795],[2.1854,41.3765],[2.1836,41.3741],[2.1823,41.3745],[2.1842,41.3768],[2.1833,41.3784],[2.1792,41.3733],[2.1836,41.3718],[2.1826,41.3703],[2.178,41.3721],[2.1767,41.3694],[2.1763,41.3683],[2.1807,41.3661],[2.1798,41.364],[2.1749,41.3656],[2.1724,41.3623],[2.1767,41.3607],[2.1753,41.3588],[2.1708,41.3602],[2.1699,41.3588],[2.173,41.3565],[2.1705,41.3528],[2.1674,41.3547],[2.1657,41.3524],[2.1679,41.3497],[2.1691,41.3508],[2.1676,41.3487],[2.1625,41.352],[2.1602,41.3509],[2.1616,41.3475],[2.1537,41.3431],[2.1513,41.3465],[2.1497,41.3367],[2.1454,41.3367],[2.1443,41.3349],[2.1481,41.333],[2.1467,41.3306],[2.1488,41.33],[2.156,41.3418],[2.1592,41.3434],[2.1585,41.3426],[2.161,41.3423],[2.1605,41.3436],[2.1615,41.3421],[2.1661,41.3415],[2.1602,41.342],[2.1527,41.3228],[2.1478,41.32],[2.1396,41.3077],[2.1168,41.2911],[2.0747,41.2766],[2.024,41.2664],[1.9961,41.2642],[1.9393,41.263],[1.9384,41.2658],[1.9613,41.2681],[1.9716,41.2733],[2.0029,41.2982],[2.0242,41.3188],[2.0451,41.3343],[2.0511,41.3461],[2.0468,41.3486],[2.0455,41.3518],[2.0479,41.3623],[2.0448,41.3659],[2.0382,41.3684],[2.0314,41.3743],[2.0109,41.4082],[2.0141,41.4091],[2.0157,41.4079],[2.0174,41.4034],[2.0229,41.397],[2.0296,41.3808],[2.034,41.3764],[2.0367,41.376],[2.0378,41.3734],[2.0534,41.3729],[2.0577,41.3746],[2.0824,41.3772],[2.0888,41.3815],[2.101,41.3816],[2.1074,41.3891],[2.116,41.4035],[2.1298,41.4134],[2.1386,41.4175],[2.1493,41.4368],[2.178,41.4458],[2.1927,41.4474],[2.2168,41.4623],[2.2321,41.4619],[2.2508,41.4718],[2.2624,41.4742],[2.2739,41.4713],[2.2789,41.4717],[2.2921,41.4804],[2.2978,41.4875],[2.3012,41.489],[2.3181,41.4867],[2.3275,41.4918],[2.3398,41.4929],[2.3486,41.4954],[2.358,41.504],[2.4078,41.5235],[2.4168,41.5345],[2.4138,41.5424],[2.417,41.5474],[2.4388,41.5554],[2.4556,41.5555]]]},"properties":{"zhr":"99","ha":22469,"danger":0,"exposure":1,"nfr40":7120,"nfr60":10680}},{"type":"Feature","geometry":{"type":"Polygon","coordinates":[[[0.9601,42.8056],[0.9777,42.7941],[0.979,42.7899],[0.9838,42.7863],[0.9875,42.7856],[1.0066,42.7908],[1.0109,42.7884],[1.0224,42.7862],[1.0433,42.7851],[1.0434,42.782],[1.0473,42.7814],[1.0535,42.783],[1.0735,42.7829],[1.0769,42.7879],[1.0793,42.7884],[1.0834,42.7853],[1.0835,42.783],[1.0874,42.7784],[1.094,42.7745],[1.109,42.7709],[1.1105,42.7661],[1.1201,42.7627],[1.1284,42.7553],[1.1326,42.7499],[1.1299,42.7456],[1.1314,42.74],[1.1348,42.7357],[1.1329,42.7317],[1.1334,42.7281],[1.1492,42.7211],[1.1527,42.7166],[1.1603,42.7114],[1.1692,42.7084],[1.1753,42.7088],[1.1788,42.7129],[1.1909,42.7174],[1.1966,42.7171],[1.2082,42.7207],[1.2169,42.7202],[1.2302,42.7274],[1.2464,42.7224],[1.2533,42.7146],[1.2658,42.7157],[1.2709,42.7185],[1.2764,42.7178],[1.2792,42.7142],[1.293,42.7193],[1.3109,42.7181],[1.3279,42.7243],[1.3344,42.724],[1.3391,42.7189],[1.3577,42.7198],[1.3581,42.7152],[1.3528,42.711],[1.3519,42.7024],[1.3653,42.6945],[1.3763,42.6945],[1.3882,42.6878],[1.3889,42.6856],[1.3864,42.6787],[1.3893,42.6738],[1.3873,42.6687],[1.3967,42.6685],[1.4047,42.6569],[1.4092,42.6569],[1.4136,42.6546],[1.4144,42.6443],[1.417,42.6406],[1.4155,42.6384],[1.4159,42.6349],[1.4183,42.6323],[1.4203,42.6248],[1.4282,42.6208],[1.4278,42.6189],[1.43,42.6167],[1.4289,42.6126],[1.4373,42.6032],[1.4431,42.6035],[1.4385,42.5921],[1.4317,42.5882],[1.4272,42.5874],[1.4261,42.5829],[1.4328,42.5749],[1.4432,42.5716],[1.4437,42.567],[1.4399,42.5637],[1.4251,42.5579],[1.4191,42.5491],[1.419,42.5456],[1.4146,42.5405],[1.4141,42.5351],[1.4103,42.5339],[1.4083,42.5278],[1.4006,42.526],[1.3946,42.5268],[1.3925,42.5227],[1.3931,42.5207],[1.3871,42.5177],[1.385,42.5145],[1.3867,42.5121],[1.3956,42.5081],[1.3991,42.4997],[1.4074,42.4978],[1.4071,42.4872],[1.4116,42.4836],[1.4089,42.4812],[1.4074,42.4755],[1.4036,42.4734],[1.4032,42.4701],[1.4005,42.4677],[1.3967,42.466],[1.3946,42.4607],[1.3805,42.4585],[1.3735,42.4527],[1.369,42.4563],[1.3636,42.455],[1.3554,42.4557],[1.3571,42.45],[1.3529,42.4459],[1.3514,42.441],[1.3432,42.4401],[1.3378,42.4364],[1.3307,42.4379],[1.3122,42.4332],[1.3061,42.4343],[1.3002,42.4322],[1.2958,42.4338],[1.2942,42.4309],[1.2904,42.43],[1.2889,42.4227],[1.2873,42.4219],[1.288,42.4174],[1.2772,42.4116],[1.2606,42.4198],[1.2518,42.4197],[1.2448,42.4172],[1.2267,42.4193],[1.2208,42.416],[1.2187,42.4127],[1.2149,42.4106],[1.2149,42.409],[1.2062,42.4093],[1.2019,42.4068],[1.2003,42.4043],[1.1906,42.3985],[1.1864,42.3936],[1.171,42.3982],[1.1617,42.398],[1.1498,42.393],[1.1361,42.3924],[1.1302,42.3902],[1.1263,42.3914],[1.1313,42.3886],[1.1314,42.3866],[1.1353,42.3834],[1.1354,42.3802],[1.1316,42.3809],[1.1254,42.3861],[1.1156,42.3831],[1.1122,42.3879],[1.1106,42.3879],[1.108,42.3838],[1.0878,42.3835],[1.0765,42.3942],[1.0671,42.3977],[1.0622,42.3976],[1.0448,42.4099],[1.0441,42.4176],[1.0378,42.4252],[1.0324,42.4239],[1.0291,42.425],[1.0275,42.4238],[1.0255,42.4177],[1.0252,42.4091],[1.022,42.4067],[1.0111,42.4044],[0.9962,42.4086],[0.9864,42.4073],[0.9783,42.4035],[0.9674,42.4037],[0.9607,42.4064],[0.9509,42.4058],[0.9471,42.4066],[0.942,42.4101],[0.9408,42.4141],[0.9303,42.4172],[0.9277,42.4143],[0.9279,42.4062],[0.9248,42.4013],[0.9157,42.3951],[0.9153,42.3926],[0.912,42.3917],[0.9115,42.3893],[0.8997,42.3838],[0.8913,42.3893],[0.8853,42.39],[0.8841,42.392],[0.8716,42.3918],[0.8665,42.395],[0.8647,42.4002],[0.8437,42.4059],[0.8501,42.4121],[0.8541,42.4215],[0.8611,42.4273],[0.861,42.4289],[0.87,42.4388],[0.8729,42.4494],[0.8804,42.4536],[0.8791,42.4592],[0.8822,42.4649],[0.886,42.4666],[0.8895,42.4768],[0.8965,42.4806],[0.9041,42.4808],[0.909,42.4837],[0.9215,42.4851],[0.9245,42.4929],[0.9201,42.4956],[0.921,42.5009],[0.9187,42.5033],[0.9225,42.5054],[0.9224,42.5082],[0.9283,42.5112],[0.9293,42.5148],[0.932,42.5165],[0.944,42.5179],[0.9427,42.5232],[0.9514,42.525],[0.9535,42.5266],[0.9535,42.5287],[0.9578,42.5299],[0.9583,42.5324],[0.9537,42.5388],[0.9597,42.5405],[0.9612,42.5454],[0.9639,42.5459],[0.9692,42.5516],[0.9741,42.5517],[0.9789,42.5546],[0.9783,42.5579],[0.982,42.562],[0.9798,42.5636],[0.9806,42.5721],[0.9773,42.5728],[0.9733,42.5776],[0.972,42.5833],[0.967,42.5848],[0.9653,42.588],[0.9674,42.5905],[0.9623,42.5945],[0.9535,42.5951],[0.9533,42.6016],[0.9538,42.6028],[0.9681,42.6031],[0.9718,42.6048],[0.977,42.5984],[0.983,42.5981],[0.9819,42.6005],[0.9845,42.6042],[0.9816,42.609],[0.9848,42.6107],[0.9831,42.6118],[0.9835,42.6175],[0.9785,42.6199],[0.9756,42.6227],[0.9756,42.6251],[0.9782,42.6288],[0.982,42.6293],[0.9819,42.6321],[0.9846,42.6338],[0.9861,42.6395],[0.9925,42.644],[0.9908,42.6468],[0.9863,42.6488],[0.9833,42.6564],[0.9837,42.6609],[0.9804,42.6629],[0.9841,42.6658],[0.9885,42.6658],[0.9901,42.6671],[0.9901,42.6695],[0.9944,42.6712],[0.9969,42.6773],[0.9963,42.6793],[1.0017,42.6823],[1.001,42.6875],[1.0025,42.6908],[1.009,42.6962],[1.0083,42.699],[1.0105,42.7003],[1.0099,42.7027],[1.0124,42.7092],[1.0057,42.7135],[1.0008,42.7098],[0.9953,42.7097],[0.9909,42.7125],[0.9887,42.7104],[0.9811,42.7083],[0.9734,42.7093],[0.9706,42.7117],[0.9618,42.7103],[0.9573,42.7127],[0.9513,42.7122],[0.9492,42.7105],[0.9431,42.7116],[0.9385,42.716],[0.9407,42.7173],[0.9422,42.7213],[0.9405,42.7233],[0.9415,42.7274],[0.9376,42.729],[0.9364,42.7318],[0.9382,42.7423],[0.9365,42.7431],[0.9359,42.7464],[0.9287,42.7474],[0.9286,42.7515],[0.9258,42.7518],[0.9267,42.7567],[0.9294,42.7604],[0.9281,42.7649],[0.933,42.7678],[0.9307,42.7698],[0.9328,42.7739],[0.931,42.7787],[0.9331,42.782],[0.9363,42.7832],[0.9341,42.7915],[0.9382,42.7963],[0.9461,42.8012],[0.9576,42.8034],[0.9601,42.8056]]]},"properties":{"zhr":"3","ha":140741,"danger":1,"exposure":1,"nfr40":879,"nfr60":1319}},{"type":"Feature","geometry":{"type":"Polygon","coordinates":[[[0.8766,42.6314],[0.8832,42.6303],[0.8844,42.6271],[0.8899,42.6276],[0.896,42.6257],[0.8951,42.6196],[0.8968,42.6176],[0.8941,42.6159],[0.8954,42.6115],[0.8976,42.6099],[0.9009,42.6104],[0.9043,42.6076],[0.912,42.6069],[0.9179,42.5928],[0.9279,42.5906],[0.935,42.5911],[0.9372,42.5891],[0.9444,42.5893],[0.947,42.5922],[0.9568,42.5952],[0.9623,42.5945],[0.9662,42.5917],[0.9674,42.5897],[0.9653,42.5876],[0.9676,42.584],[0.972,42.5833],[0.9733,42.5776],[0.9773,42.5728],[0.9806,42.5721],[0.9798,42.5636],[0.982,42.562],[0.9783,42.5579],[0.9789,42.5546],[0.9741,42.5517],[0.9692,42.5516],[0.9639,42.5459],[0.9612,42.5454],[0.9597,42.5405],[0.9537,42.5388],[0.9583,42.5324],[0.9578,42.5299],[0.9535,42.5287],[0.9535,42.5266],[0.9514,42.525],[0.9427,42.5232],[0.944,42.5179],[0.932,42.5165],[0.9293,42.5148],[0.9283,42.5112],[0.9224,42.5082],[0.9225,42.5054],[0.9187,42.5033],[0.921,42.5009],[0.9201,42.4956],[0.9245,42.4929],[0.9215,42.4851],[0.909,42.4837],[0.9041,42.4808],[0.8965,42.4806],[0.8895,42.4768],[0.886,42.4666],[0.8822,42.4649],[0.8791,42.4592],[0.8804,42.4536],[0.8729,42.4494],[0.87,42.4388],[0.861,42.4289],[0.8611,42.4273],[0.8541,42.4215],[0.8501,42.4121],[0.8411,42.4042],[0.8402,42.3961],[0.8421,42.3896],[0.8389,42.3884],[0.8412,42.3827],[0.8403,42.3783],[0.8387,42.3774],[0.8389,42.3722],[0.8357,42.368],[0.8364,42.3652],[0.8392,42.3632],[0.8399,42.3592],[0.8438,42.3568],[0.8434,42.3532],[0.845,42.3528],[0.844,42.3491],[0.8468,42.348],[0.848,42.3452],[0.841,42.3434],[0.8417,42.3382],[0.8395,42.3369],[0.8386,42.3316],[0.8404,42.3288],[0.8382,42.3268],[0.8333,42.3267],[0.8302,42.3221],[0.8303,42.3201],[0.833,42.3202],[0.8338,42.3145],[0.8211,42.3167],[0.8108,42.3165],[0.8024,42.3204],[0.7964,42.3199],[0.7882,42.3221],[0.7865,42.3241],[0.768,42.3222],[0.7571,42.326],[0.7545,42.3252],[0.7447,42.3268],[0.741,42.3374],[0.7453,42.3379],[0.7484,42.3425],[0.7536,42.3441],[0.755,42.3469],[0.7664,42.3491],[0.7705,42.3516],[0.7668,42.3531],[0.7648,42.357],[0.7463,42.3578],[0.7398,42.3599],[0.7375,42.3624],[0.7294,42.3632],[0.7229,42.3672],[0.7261,42.3704],[0.735,42.3717],[0.7355,42.3759],[0.743,42.379],[0.7465,42.3851],[0.7382,42.3993],[0.7311,42.4018],[0.7265,42.4054],[0.7284,42.4075],[0.7327,42.4075],[0.7344,42.4099],[0.7338,42.4178],[0.7283,42.4255],[0.7139,42.4331],[0.7119,42.4355],[0.7071,42.4502],[0.7063,42.4566],[0.7082,42.4598],[0.7071,42.4642],[0.697,42.474],[0.6911,42.4871],[0.6988,42.4864],[0.7005,42.4884],[0.6999,42.4946],[0.7012,42.4951],[0.7053,42.4938],[0.7105,42.4889],[0.7147,42.488],[0.7275,42.4981],[0.7307,42.4983],[0.7329,42.5045],[0.7393,42.5058],[0.7293,42.5119],[0.7208,42.5131],[0.7243,42.5195],[0.7222,42.5268],[0.7305,42.5386],[0.7349,42.5415],[0.7378,42.5378],[0.7504,42.5349],[0.7416,42.5438],[0.7414,42.5457],[0.7492,42.5515],[0.751,42.5613],[0.7587,42.5719],[0.7586,42.5783],[0.7609,42.587],[0.7599,42.5929],[0.7679,42.6051],[0.7687,42.6108],[0.7667,42.6112],[0.7856,42.6153],[0.7913,42.6145],[0.8041,42.6189],[0.8128,42.6193],[0.813,42.6148],[0.8202,42.6129],[0.8254,42.6053],[0.8281,42.6054],[0.8362,42.6088],[0.8417,42.6089],[0.8444,42.6105],[0.8443,42.613],[0.8465,42.6134],[0.8469,42.6159],[0.8577,42.6213],[0.867,42.6223],[0.8708,42.6252],[0.8746,42.6257],[0.8767,42.6269],[0.8766,42.6314]]]},"properties":{"zhr":"2","ha":43286,"danger":3,"exposure":1,"nfr40":580,"nfr60":870}},{"type":"Feature","geometry":{"type":"Polygon","coordinates":[[[2.2679,42.4337],[2.2726,42.4337],[2.2785,42.4289],[2.2835,42.4284],[2.2928,42.4233],[2.2992,42.4235],[2.3066,42.429],[2.3127,42.4284],[2.3188,42.4255],[2.3195,42.4219],[2.3247,42.4176],[2.3311,42.4159],[2.3441,42.4168],[2.3451,42.4105],[2.3475,42.4071],[2.3662,42.4017],[2.3859,42.4004],[2.3942,42.3956],[2.4125,42.3917],[2.4321,42.3935],[2.4348,42.3899],[2.4337,42.3789],[2.4351,42.376],[2.445,42.3696],[2.4548,42.3692],[2.4572,42.3633],[2.4518,42.3604],[2.4366,42.3567],[2.4306,42.3506],[2.4301,42.3449],[2.4279,42.3429],[2.4291,42.338],[2.428,42.3331],[2.4297,42.3283],[2.4216,42.3226],[2.4123,42.3225],[2.4031,42.3148],[2.3949,42.3103],[2.3911,42.3111],[2.3857,42.3078],[2.3874,42.3041],[2.3841,42.3025],[2.3764,42.3025],[2.3759,42.3053],[2.3699,42.3069],[2.3698,42.3109],[2.3643,42.3133],[2.3567,42.3109],[2.3556,42.308],[2.3519,42.3052],[2.3388,42.3027],[2.3214,42.2965],[2.3001,42.2943],[2.2788,42.2946],[2.2696,42.2877],[2.238,42.2818],[2.226,42.2813],[2.2201,42.2784],[2.21,42.2808],[2.1939,42.2721],[2.1901,42.2714],[2.1614,42.27],[2.1246,42.2741],[2.1224,42.2757],[2.1082,42.278],[2.1038,42.2804],[2.1011,42.28],[2.0884,42.2864],[2.0846,42.2851],[2.0775,42.2863],[2.0714,42.2911],[2.0632,42.291],[2.0616,42.2938],[2.0506,42.2958],[2.0445,42.3002],[2.0402,42.3014],[2.0379,42.305],[2.0275,42.3061],[2.0198,42.3101],[2.0176,42.3101],[2.0166,42.3077],[2.0057,42.3076],[2.003,42.3051],[1.9964,42.3042],[1.9921,42.3005],[1.9861,42.3009],[1.984,42.2997],[1.9834,42.2972],[1.9725,42.3008],[1.9709,42.2975],[1.9622,42.2942],[1.9535,42.2941],[1.9474,42.2977],[1.9435,42.3025],[1.9348,42.3037],[1.9364,42.3061],[1.9429,42.3074],[1.9428,42.3102],[1.9488,42.3143],[1.9487,42.3184],[1.9563,42.3205],[1.959,42.3246],[1.9644,42.3275],[1.9802,42.328],[1.9856,42.3325],[1.9894,42.3329],[1.9959,42.3407],[2.0002,42.3407],[2.0057,42.3424],[2.0078,42.3449],[2.016,42.3461],[2.0236,42.3555],[2.03,42.3556],[2.0311,42.3576],[2.036,42.3581],[2.0595,42.3579],[2.0698,42.362],[2.0731,42.3653],[2.0802,42.3649],[2.0851,42.362],[2.0893,42.3739],[2.117,42.3835],[2.1146,42.3885],[2.1149,42.3947],[2.1216,42.3971],[2.1235,42.4063],[2.1306,42.4138],[2.1432,42.4167],[2.1573,42.4238],[2.1616,42.4226],[2.1675,42.4245],[2.1803,42.4182],[2.1943,42.4184],[2.2015,42.4164],[2.2063,42.4174],[2.2071,42.4191],[2.215,42.423],[2.2194,42.423],[2.2248,42.426],[2.2348,42.4263],[2.2451,42.4291],[2.2556,42.4387],[2.2679,42.4337]]]},"properties":{"zhr":"7","ha":44873,"danger":1,"exposure":1,"nfr40":1541,"nfr60":2311}},{"type":"Feature","geometry":{"type":"Polygon","coordinates":[[[2.4729,42.349],[2.4825,42.3396],[2.4999,42.3432],[2.5251,42.3334],[2.5404,42.3336],[2.5448,42.3387],[2.5525,42.3432],[2.554,42.3542],[2.5623,42.3555],[2.5732,42.3524],[2.5825,42.348],[2.5842,42.3456],[2.5913,42.346],[2.5951,42.3436],[2.6011,42.3444],[2.6121,42.3424],[2.6203,42.336],[2.6247,42.3295],[2.6394,42.3287],[2.6395,42.3255],[2.6357,42.3206],[2.6346,42.3161],[2.6542,42.319],[2.6543,42.3162],[2.6565,42.3142],[2.6549,42.3085],[2.6587,42.3053],[2.6587,42.2996],[2.6615,42.296],[2.6691,42.2931],[2.6784,42.296],[2.685,42.2948],[2.6904,42.296],[2.6937,42.2912],[2.6921,42.2875],[2.6926,42.2839],[2.6905,42.2827],[2.6905,42.2782],[2.6927,42.2766],[2.6927,42.2738],[2.6971,42.2742],[2.7042,42.2705],[2.7053,42.2685],[2.7085,42.2681],[2.7059,42.2588],[2.7332,42.2552],[2.7528,42.2447],[2.7627,42.2443],[2.7627,42.2411],[2.7649,42.2391],[2.7649,42.2322],[2.7627,42.2314],[2.7627,42.2289],[2.7665,42.2249],[2.7682,42.2204],[2.7622,42.2176],[2.7628,42.2103],[2.7601,42.2095],[2.7606,42.2058],[2.7579,42.205],[2.7546,42.201],[2.7541,42.1953],[2.7503,42.1945],[2.7492,42.1904],[2.7407,42.1889],[2.7311,42.1942],[2.717,42.1977],[2.7102,42.2018],[2.7035,42.2005],[2.6971,42.1951],[2.6932,42.1955],[2.6696,42.2038],[2.6663,42.2103],[2.6598,42.2084],[2.6545,42.209],[2.6566,42.212],[2.6539,42.2134],[2.6452,42.2089],[2.6348,42.2105],[2.6306,42.2135],[2.6241,42.2101],[2.6107,42.2107],[2.6041,42.2078],[2.5996,42.208],[2.6005,42.2114],[2.5845,42.2073],[2.5824,42.2091],[2.5852,42.2136],[2.582,42.2173],[2.5666,42.2198],[2.5606,42.2186],[2.5556,42.2198],[2.5545,42.2182],[2.5419,42.2194],[2.5392,42.225],[2.5201,42.2225],[2.5092,42.2237],[2.5059,42.231],[2.4971,42.2313],[2.4938,42.2358],[2.4878,42.2366],[2.4856,42.239],[2.4769,42.2414],[2.4697,42.2458],[2.4632,42.2462],[2.4523,42.249],[2.4479,42.2518],[2.4413,42.2517],[2.4298,42.2553],[2.4217,42.2545],[2.4178,42.2561],[2.4086,42.2552],[2.4025,42.2568],[2.3824,42.2555],[2.378,42.2599],[2.3774,42.2628],[2.3741,42.2648],[2.3779,42.2696],[2.3778,42.2721],[2.3811,42.2725],[2.3838,42.2774],[2.3892,42.2786],[2.3892,42.2823],[2.3962,42.288],[2.394,42.2912],[2.388,42.2912],[2.382,42.2952],[2.3808,42.3021],[2.3874,42.3041],[2.3857,42.3078],[2.3911,42.3111],[2.3949,42.3103],[2.3982,42.3119],[2.4123,42.3225],[2.4216,42.3226],[2.4297,42.3283],[2.428,42.3331],[2.4291,42.338],[2.4279,42.3429],[2.4301,42.3449],[2.4306,42.3506],[2.4366,42.3567],[2.4518,42.3604],[2.4562,42.3633],[2.4638,42.3618],[2.4715,42.354],[2.4729,42.349]]]},"properties":{"zhr":"8","ha":33909,"danger":2,"exposure":2,"nfr40":670,"nfr60":1005}},{"type":"Feature","geometry":{"type":"Polygon","coordinates":[[[2.62,41.9226],[2.6385,41.9165],[2.6434,41.9174],[2.6461,41.9198],[2.6521,41.9198],[2.6567,41.9162],[2.6626,41.9061],[2.6618,41.9022],[2.6575,41.8985],[2.6522,41.8967],[2.6555,41.8947],[2.6577,41.8874],[2.6588,41.8793],[2.6566,41.8773],[2.6588,41.8761],[2.6577,41.8724],[2.661,41.8672],[2.6589,41.8651],[2.6605,41.8603],[2.6578,41.8607],[2.6573,41.8594],[2.6644,41.853],[2.6704,41.8513],[2.6732,41.8456],[2.6808,41.841],[2.6889,41.8312],[2.6927,41.8296],[2.6948,41.8255],[2.6981,41.8251],[2.7003,41.8219],[2.7024,41.8219],[2.7046,41.8158],[2.7095,41.8166],[2.7155,41.811],[2.7144,41.8098],[2.7155,41.8065],[2.7117,41.8037],[2.7101,41.8041],[2.7085,41.8016],[2.7101,41.7996],[2.7145,41.8008],[2.7161,41.7964],[2.6865,41.793],[2.6767,41.7792],[2.6701,41.7749],[2.6736,41.7675],[2.6725,41.7598],[2.6754,41.7528],[2.6744,41.7494],[2.6693,41.7461],[2.6731,41.742],[2.6717,41.7414],[2.6601,41.7403],[2.6513,41.7422],[2.6462,41.7417],[2.6361,41.732],[2.6255,41.7292],[2.6226,41.7362],[2.6021,41.7595],[2.5962,41.7611],[2.5875,41.7605],[2.5781,41.7723],[2.5687,41.7736],[2.5653,41.7717],[2.5621,41.7755],[2.5569,41.7765],[2.5559,41.7779],[2.5608,41.785],[2.5536,41.7891],[2.555,41.7945],[2.5412,41.8005],[2.5408,41.8035],[2.5316,41.8115],[2.5264,41.8137],[2.52,41.814],[2.5166,41.8171],[2.5138,41.8164],[2.5052,41.8189],[2.5008,41.819],[2.4961,41.816],[2.4948,41.8197],[2.4803,41.8223],[2.4797,41.8245],[2.4699,41.8282],[2.467,41.8344],[2.4639,41.834],[2.456,41.8377],[2.451,41.8432],[2.4448,41.8462],[2.4361,41.8537],[2.4426,41.8558],[2.4458,41.8607],[2.4507,41.8615],[2.4523,41.8692],[2.4582,41.8692],[2.4582,41.8672],[2.4599,41.8664],[2.4615,41.8692],[2.4728,41.8713],[2.4728,41.8729],[2.4761,41.8754],[2.4907,41.8759],[2.5081,41.8739],[2.5135,41.8715],[2.5211,41.8723],[2.5205,41.8748],[2.5227,41.8768],[2.5216,41.8788],[2.5183,41.8792],[2.5167,41.8825],[2.5194,41.8845],[2.5199,41.8889],[2.5221,41.8886],[2.5253,41.8914],[2.5231,41.8967],[2.5241,41.8999],[2.5301,41.8999],[2.5318,41.8979],[2.5356,41.8971],[2.5382,41.9008],[2.5431,41.9028],[2.5436,41.9081],[2.5469,41.9061],[2.5539,41.9065],[2.5539,41.9045],[2.5599,41.9001],[2.5627,41.9001],[2.5638,41.898],[2.5719,41.8985],[2.5822,41.9018],[2.5827,41.9078],[2.5876,41.9095],[2.5886,41.9115],[2.6103,41.9108],[2.6141,41.9136],[2.613,41.9181],[2.6146,41.9189],[2.6146,41.9217],[2.62,41.9226]]]},"properties":{"zhr":"43","ha":24248,"danger":5,"exposure":4,"nfr40":113,"nfr60":169}},{"type":"Feature","geometry":{"type":"Polygon","coordinates":[[[1.5505,42.1341],[1.5543,42.1329],[1.5588,42.1265],[1.5654,42.1217],[1.5655,42.1173],[1.5683,42.1137],[1.5733,42.1101],[1.5848,42.107],[1.586,42.1042],[1.5976,42.0962],[1.6015,42.0902],[1.6151,42.0907],[1.6168,42.0887],[1.6173,42.0912],[1.6232,42.0941],[1.633,42.095],[1.6352,42.0934],[1.6401,42.0947],[1.6411,42.0963],[1.6438,42.0959],[1.6427,42.0992],[1.6491,42.1049],[1.649,42.1074],[1.6463,42.1081],[1.6468,42.1098],[1.6511,42.1139],[1.6587,42.1148],[1.687,42.1139],[1.6887,42.1131],[1.6876,42.1094],[1.6904,42.107],[1.691,42.1038],[1.7052,42.1023],[1.7069,42.0991],[1.7206,42.0948],[1.7223,42.0904],[1.718,42.0875],[1.7175,42.085],[1.7121,42.085],[1.711,42.0833],[1.7078,42.0829],[1.7068,42.0764],[1.7025,42.0731],[1.7026,42.0715],[1.7059,42.0699],[1.7065,42.0659],[1.7007,42.0577],[1.7019,42.0528],[1.6959,42.052],[1.696,42.0491],[1.6928,42.0459],[1.6972,42.0398],[1.6973,42.0362],[1.7001,42.0338],[1.6986,42.0252],[1.7101,42.0209],[1.7085,42.0185],[1.7125,42.0096],[1.711,42.0059],[1.7128,41.9958],[1.7107,41.9917],[1.714,41.9889],[1.7148,41.978],[1.7137,41.976],[1.7165,41.9744],[1.7149,41.9707],[1.7183,41.9647],[1.7087,41.9565],[1.7083,41.9508],[1.7051,41.9483],[1.7047,41.9414],[1.7031,41.9394],[1.7004,41.9393],[1.6983,41.932],[1.6941,41.9287],[1.6932,41.9242],[1.6959,41.9225],[1.6961,41.919],[1.6915,41.9147],[1.6911,41.9125],[1.6923,41.9103],[1.697,41.9107],[1.7017,41.9135],[1.6973,41.9159],[1.6983,41.9182],[1.7027,41.9177],[1.7051,41.9129],[1.7139,41.9083],[1.7152,41.9046],[1.7136,41.9013],[1.7196,41.8958],[1.7194,41.8936],[1.7152,41.892],[1.7109,41.8971],[1.7084,41.8972],[1.7078,41.8957],[1.7118,41.8917],[1.7115,41.8897],[1.7194,41.8865],[1.7163,41.8812],[1.7112,41.8791],[1.7086,41.8762],[1.71,41.8726],[1.717,41.8713],[1.7209,41.8665],[1.7157,41.8596],[1.7195,41.8544],[1.7217,41.8465],[1.7173,41.8443],[1.7244,41.8426],[1.7256,41.8403],[1.7297,41.8389],[1.7285,41.8339],[1.7311,41.8342],[1.7329,41.8367],[1.7375,41.8363],[1.7405,41.8349],[1.7391,41.8324],[1.7408,41.8313],[1.7432,41.8328],[1.7458,41.8392],[1.7484,41.8387],[1.7502,41.8347],[1.7482,41.8276],[1.754,41.8228],[1.7566,41.8236],[1.76,41.8222],[1.7601,41.8168],[1.7627,41.8142],[1.7598,41.8109],[1.7623,41.8032],[1.766,41.8015],[1.7693,41.7967],[1.7772,41.7954],[1.776,41.7901],[1.7812,41.7881],[1.7798,41.7785],[1.7873,41.7737],[1.786,41.77],[1.7916,41.7638],[1.7893,41.7583],[1.7962,41.7575],[1.7985,41.7529],[1.8076,41.7503],[1.8095,41.7453],[1.8075,41.7431],[1.8067,41.7368],[1.8123,41.7337],[1.8145,41.7218],[1.8164,41.7205],[1.8307,41.7201],[1.8324,41.7186],[1.8314,41.7107],[1.8375,41.7078],[1.8305,41.7061],[1.8283,41.7113],[1.8261,41.7121],[1.8255,41.7166],[1.8136,41.7172],[1.8124,41.7197],[1.8016,41.7228],[1.8015,41.7252],[1.7977,41.7288],[1.7976,41.7341],[1.79,41.7361],[1.7823,41.7408],[1.7769,41.7412],[1.7725,41.744],[1.7595,41.7422],[1.7541,41.7462],[1.7421,41.7485],[1.7367,41.7468],[1.7351,41.7484],[1.7182,41.7519],[1.7171,41.7539],[1.7122,41.7551],[1.7127,41.7571],[1.7078,41.7579],[1.6927,41.7553],[1.6922,41.7532],[1.7031,41.7493],[1.7038,41.7436],[1.7087,41.7408],[1.711,41.7344],[1.7067,41.7339],[1.7051,41.7303],[1.6987,41.7249],[1.6884,41.7272],[1.684,41.73],[1.6744,41.7259],[1.6675,41.7193],[1.6582,41.7224],[1.6544,41.7252],[1.6538,41.7285],[1.6457,41.728],[1.6412,41.7324],[1.631,41.7294],[1.6256,41.7302],[1.625,41.7322],[1.6223,41.7334],[1.6169,41.7333],[1.6099,41.73],[1.5969,41.7318],[1.578,41.7296],[1.5699,41.7295],[1.5639,41.7314],[1.5563,41.7301],[1.5568,41.7354],[1.561,41.7391],[1.5614,41.7452],[1.5586,41.748],[1.5591,41.75],[1.5559,41.7508],[1.5541,41.7556],[1.5509,41.7572],[1.54,41.7571],[1.5396,41.7538],[1.5413,41.7502],[1.5402,41.749],[1.537,41.7497],[1.5354,41.7452],[1.5333,41.7448],[1.5355,41.7416],[1.5382,41.7416],[1.5383,41.7384],[1.5334,41.7379],[1.5324,41.7363],[1.5275,41.737],[1.5221,41.7358],[1.515,41.7373],[1.5048,41.7339],[1.5026,41.7371],[1.4982,41.7383],[1.4988,41.7399],[1.4939,41.7403],[1.49,41.7426],[1.485,41.7478],[1.4856,41.7491],[1.4785,41.751],[1.4778,41.7546],[1.4718,41.759],[1.4706,41.7635],[1.4657,41.7658],[1.4624,41.7686],[1.4623,41.771],[1.459,41.7714],[1.4584,41.7738],[1.4552,41.7746],[1.4524,41.7778],[1.4383,41.7773],[1.4263,41.7829],[1.4269,41.7854],[1.4252,41.7874],[1.4228,41.7872],[1.4145,41.7986],[1.4015,41.8072],[1.3979,41.8068],[1.3918,41.8115],[1.3914,41.8144],[1.3856,41.8137],[1.384,41.8154],[1.3794,41.8125],[1.3768,41.8128],[1.3811,41.8149],[1.3794,41.8181],[1.3809,41.8218],[1.3857,41.8235],[1.3862,41.8259],[1.4003,41.8257],[1.4045,41.8294],[1.4078,41.8291],[1.4084,41.8275],[1.4165,41.8296],[1.4215,41.8228],[1.4286,41.8225],[1.4409,41.8255],[1.4452,41.83],[1.4521,41.8329],[1.4608,41.8322],[1.4668,41.8335],[1.4812,41.843],[1.4915,41.8436],[1.4941,41.8477],[1.4989,41.8506],[1.5032,41.8494],[1.5038,41.847],[1.5114,41.8487],[1.5158,41.8467],[1.5195,41.8476],[1.5129,41.8532],[1.5064,41.8539],[1.5063,41.8571],[1.5019,41.8591],[1.4997,41.8635],[1.4921,41.8643],[1.4915,41.8667],[1.4881,41.8691],[1.4897,41.8711],[1.4869,41.8739],[1.4869,41.8763],[1.4906,41.8804],[1.5022,41.8713],[1.5047,41.8778],[1.5079,41.8803],[1.5328,41.8863],[1.5343,41.8899],[1.5375,41.8908],[1.5455,41.8982],[1.5384,41.9026],[1.5377,41.9058],[1.5284,41.9105],[1.5207,41.9105],[1.5076,41.9143],[1.4972,41.9219],[1.4943,41.9283],[1.4974,41.9369],[1.4963,41.9422],[1.4933,41.9472],[1.4847,41.9508],[1.4845,41.9526],[1.4879,41.9569],[1.4904,41.973],[1.4855,41.9748],[1.4791,41.9817],[1.4731,41.9903],[1.4721,41.9953],[1.4654,42.0017],[1.468,42.0098],[1.4641,42.0138],[1.464,42.0171],[1.4667,42.0175],[1.4682,42.022],[1.472,42.0229],[1.4719,42.0269],[1.4751,42.0302],[1.4728,42.0342],[1.476,42.0375],[1.4804,42.0376],[1.4824,42.0408],[1.4824,42.0441],[1.4861,42.0478],[1.491,42.0466],[1.4916,42.045],[1.509,42.0448],[1.5121,42.0501],[1.5109,42.057],[1.5141,42.0579],[1.5124,42.0635],[1.5134,42.0656],[1.5106,42.0684],[1.5094,42.0724],[1.5125,42.0797],[1.5134,42.0887],[1.5166,42.0907],[1.5307,42.0937],[1.5322,42.0978],[1.5398,42.0995],[1.5419,42.1028],[1.5457,42.1049],[1.5445,42.1085],[1.5471,42.1126],[1.5438,42.1174],[1.5447,42.1243],[1.5435,42.1279],[1.5461,42.1328],[1.5505,42.1341]]]},"properties":{"zhr":"25","ha":83710,"danger":5,"exposure":4,"nfr40":93,"nfr60":140}},{"type":"Feature","geometry":{"type":"Polygon","coordinates":[[[1.1723,41.9148],[1.1755,41.9078],[1.1802,41.9078],[1.1852,41.9047],[1.1888,41.9008],[1.1902,41.8964],[1.203,41.8964],[1.2035,41.8899],[1.2105,41.8865],[1.2345,41.8851],[1.2409,41.8882],[1.2473,41.8888],[1.255,41.8857],[1.2557,41.8848],[1.2527,41.8841],[1.254,41.8809],[1.2625,41.8745],[1.2683,41.8754],[1.2764,41.8721],[1.2814,41.8722],[1.2878,41.8652],[1.2952,41.8665],[1.2975,41.8599],[1.3046,41.8584],[1.3052,41.8568],[1.309,41.856],[1.3085,41.854],[1.3118,41.854],[1.3135,41.852],[1.3211,41.8509],[1.3228,41.8485],[1.3266,41.8474],[1.3267,41.8441],[1.3288,41.8438],[1.3363,41.8497],[1.3473,41.8416],[1.3436,41.8391],[1.34,41.8326],[1.3428,41.829],[1.3322,41.8276],[1.3212,41.8238],[1.3047,41.8329],[1.3021,41.8296],[1.2957,41.8262],[1.2974,41.823],[1.2996,41.8223],[1.2975,41.821],[1.2986,41.8178],[1.2954,41.8173],[1.2938,41.8153],[1.2836,41.8143],[1.2809,41.8122],[1.2738,41.8134],[1.2744,41.8109],[1.2718,41.8097],[1.273,41.8048],[1.2666,41.7987],[1.2607,41.799],[1.2537,41.7956],[1.2511,41.7923],[1.2479,41.7927],[1.2409,41.7893],[1.241,41.7865],[1.2382,41.7885],[1.2296,41.7855],[1.2247,41.7879],[1.2182,41.7874],[1.2167,41.7833],[1.2075,41.784],[1.2059,41.7819],[1.1957,41.7789],[1.1942,41.7757],[1.1878,41.7711],[1.1879,41.7674],[1.1853,41.7646],[1.1666,41.7562],[1.1678,41.7517],[1.158,41.7528],[1.1475,41.7595],[1.1454,41.7575],[1.1373,41.7593],[1.1358,41.7545],[1.137,41.7504],[1.1316,41.7475],[1.1323,41.7451],[1.1307,41.7434],[1.1253,41.7437],[1.1247,41.7454],[1.1198,41.7465],[1.1117,41.7456],[1.1111,41.7476],[1.1078,41.7487],[1.1076,41.754],[1.1038,41.756],[1.0979,41.7542],[1.0913,41.757],[1.0806,41.7535],[1.0778,41.7547],[1.0676,41.7537],[1.0659,41.7557],[1.0627,41.7561],[1.0546,41.7551],[1.0539,41.758],[1.0458,41.759],[1.0365,41.7629],[1.0358,41.767],[1.0259,41.7725],[1.0238,41.7708],[1.0173,41.7703],[1.0031,41.7733],[1.0005,41.7708],[0.9869,41.7718],[0.9868,41.7742],[0.9836,41.775],[0.9455,41.7792],[0.9428,41.7791],[0.9402,41.7767],[0.9352,41.781],[0.8763,41.7937],[0.8667,41.7903],[0.8361,41.7974],[0.8318,41.7961],[0.8303,41.7941],[0.8259,41.794],[0.8231,41.7976],[0.8151,41.795],[0.8116,41.8006],[0.8082,41.8018],[0.8077,41.8066],[0.8042,41.8126],[0.8043,41.8159],[0.8095,41.8156],[0.8038,41.8228],[0.8059,41.8254],[0.8072,41.8361],[0.8062,41.8414],[0.809,41.846],[0.8203,41.8549],[0.8311,41.8661],[0.8433,41.8721],[0.8372,41.8533],[0.868,41.8512],[0.8803,41.853],[0.8874,41.8523],[0.8881,41.8505],[0.9046,41.849],[0.9761,41.851],[0.9944,41.8486],[1.0105,41.8488],[1.0121,41.8509],[1.017,41.8493],[1.017,41.851],[1.0197,41.851],[1.0224,41.8506],[1.0236,41.8482],[1.0528,41.8479],[1.0537,41.8556],[1.0665,41.8635],[1.0738,41.8718],[1.0709,41.8778],[1.0724,41.8811],[1.0691,41.8835],[1.0696,41.8851],[1.0674,41.8871],[1.0694,41.8912],[1.0731,41.8937],[1.085,41.8947],[1.0898,41.8996],[1.0962,41.903],[1.105,41.9003],[1.1087,41.9019],[1.1174,41.9021],[1.1169,41.9005],[1.1197,41.8985],[1.1315,41.9003],[1.1359,41.8996],[1.1401,41.9029],[1.1542,41.9031],[1.1569,41.9048],[1.1593,41.9145],[1.1686,41.9147],[1.1733,41.9184],[1.1723,41.9148]]]},"properties":{"zhr":"23","ha":43398,"danger":2,"exposure":2,"nfr40":2304,"nfr60":3456}},{"type":"Feature","geometry":{"type":"Polygon","coordinates":[[[2.0735,41.8141],[2.0757,41.8124],[2.0761,41.8093],[2.0833,41.8065],[2.0823,41.8024],[2.0874,41.7993],[2.0846,41.7948],[2.0873,41.7907],[2.0966,41.7903],[2.0982,41.7875],[2.0977,41.7843],[2.1032,41.7819],[2.1065,41.7775],[2.1022,41.775],[2.1023,41.7697],[2.1039,41.7681],[2.1023,41.7669],[2.1023,41.764],[2.1067,41.7621],[2.109,41.7503],[2.1145,41.7491],[2.1204,41.752],[2.122,41.75],[2.1242,41.75],[2.1355,41.7534],[2.1394,41.7477],[2.1367,41.7424],[2.1433,41.7384],[2.1465,41.7384],[2.1537,41.7304],[2.1526,41.7279],[2.1499,41.7271],[2.1505,41.7247],[2.1548,41.7231],[2.1517,41.7178],[2.1447,41.7137],[2.1398,41.7145],[2.1366,41.7136],[2.1393,41.7129],[2.1448,41.7068],[2.1524,41.704],[2.1573,41.7049],[2.1659,41.7021],[2.1698,41.6985],[2.1698,41.6932],[2.1624,41.6855],[2.163,41.6814],[2.1662,41.6802],[2.1679,41.675],[2.1723,41.6738],[2.1717,41.6709],[2.1745,41.6681],[2.174,41.6649],[2.1854,41.6629],[2.186,41.654],[2.1877,41.652],[2.1861,41.646],[2.1817,41.6462],[2.1704,41.6421],[2.1646,41.6467],[2.1588,41.6486],[2.1533,41.6477],[2.1477,41.6408],[2.1475,41.6365],[2.1403,41.6369],[2.1415,41.6337],[2.132,41.6315],[2.1232,41.6231],[2.1123,41.6226],[2.1082,41.6195],[2.1022,41.6209],[2.0979,41.6185],[2.0951,41.6225],[2.0914,41.6201],[2.0799,41.6207],[2.0742,41.5988],[2.0761,41.5932],[2.0788,41.5936],[2.0783,41.5848],[2.0693,41.587],[2.0562,41.5849],[2.0465,41.5885],[2.0388,41.5965],[2.0248,41.5952],[2.0258,41.6005],[2.0219,41.609],[2.0191,41.6102],[2.0207,41.6171],[2.019,41.6223],[2.0216,41.6256],[2.0194,41.6292],[2.021,41.6325],[2.0203,41.6393],[2.0137,41.6458],[2.0121,41.6482],[2.0126,41.6514],[2.0093,41.6543],[2.0118,41.666],[2.009,41.6701],[2.0069,41.6704],[2.0046,41.6761],[2.0121,41.6794],[2.0127,41.681],[2.0088,41.6883],[2.0093,41.6919],[2.013,41.692],[2.0157,41.6944],[2.0189,41.6949],[2.0194,41.6985],[2.0216,41.6989],[2.0204,41.7054],[2.0225,41.7083],[2.0209,41.7087],[2.0197,41.7131],[2.0165,41.7159],[2.0169,41.7196],[2.0147,41.722],[2.0141,41.7281],[2.0119,41.7301],[2.0082,41.7284],[2.0033,41.7292],[2.0048,41.7328],[2.0015,41.7365],[2.0019,41.7486],[2.004,41.7503],[2.0039,41.7559],[2.012,41.7572],[2.0131,41.7613],[2.0201,41.7626],[2.0217,41.7646],[2.0119,41.7653],[2.0135,41.7682],[2.0123,41.7726],[2.0156,41.7731],[2.0172,41.7755],[2.016,41.7804],[2.0171,41.7804],[2.018,41.7901],[2.0213,41.7909],[2.025,41.7946],[2.0331,41.7951],[2.0336,41.7983],[2.0368,41.8012],[2.0428,41.8017],[2.0427,41.8053],[2.0459,41.8098],[2.0551,41.8087],[2.0556,41.8115],[2.0648,41.8128],[2.0653,41.814],[2.0735,41.8141]]]},"properties":{"zhr":"38","ha":23046,"danger":3,"exposure":4,"nfr40":154,"nfr60":231}},{"type":"Feature","geometry":{"type":"Polygon","coordinates":[[[2.1119,41.8569],[2.1173,41.8554],[2.1195,41.8562],[2.1206,41.8542],[2.1233,41.8542],[2.1283,41.8485],[2.1359,41.8454],[2.1365,41.8437],[2.1451,41.8462],[2.1495,41.8451],[2.1522,41.8422],[2.156,41.8443],[2.1582,41.8403],[2.1636,41.8391],[2.1652,41.8403],[2.1707,41.8395],[2.169,41.8456],[2.1716,41.8472],[2.1787,41.8449],[2.1793,41.84],[2.1826,41.8396],[2.1837,41.8352],[2.187,41.8324],[2.1946,41.8312],[2.1892,41.8275],[2.1888,41.8218],[2.1986,41.8191],[2.1976,41.813],[2.1948,41.813],[2.1932,41.8105],[2.1939,41.8004],[2.2027,41.7911],[2.2039,41.7855],[2.2136,41.7859],[2.2179,41.7884],[2.2309,41.7909],[2.239,41.7902],[2.2438,41.7934],[2.2443,41.7963],[2.247,41.7983],[2.2519,41.7984],[2.2519,41.8012],[2.254,41.8036],[2.2626,41.8057],[2.2615,41.8114],[2.2674,41.8143],[2.2685,41.8171],[2.2761,41.8176],[2.2793,41.8216],[2.283,41.8225],[2.2863,41.8257],[2.2955,41.8266],[2.2971,41.8246],[2.3025,41.8238],[2.3058,41.8206],[2.3118,41.8186],[2.3216,41.8186],[2.3253,41.8211],[2.3324,41.8219],[2.3394,41.8179],[2.3487,41.8164],[2.3536,41.8075],[2.351,41.8034],[2.3434,41.7989],[2.3424,41.7953],[2.3441,41.7904],[2.3403,41.7884],[2.3332,41.7887],[2.3279,41.7854],[2.3306,41.7814],[2.3306,41.7786],[2.328,41.7761],[2.3296,41.7729],[2.3334,41.7721],[2.333,41.7644],[2.3378,41.7632],[2.3368,41.7592],[2.3434,41.7531],[2.3461,41.7527],[2.3461,41.7487],[2.3592,41.7423],[2.3657,41.7427],[2.3765,41.7395],[2.3777,41.733],[2.3848,41.7254],[2.3832,41.7217],[2.3854,41.7193],[2.3876,41.7108],[2.4012,41.7044],[2.4088,41.6979],[2.4105,41.6939],[2.405,41.6931],[2.399,41.6981],[2.3916,41.6962],[2.3736,41.7022],[2.3689,41.702],[2.359,41.6927],[2.3574,41.6926],[2.3555,41.6958],[2.3467,41.6946],[2.3394,41.6979],[2.338,41.6957],[2.3219,41.6891],[2.3122,41.6898],[2.3089,41.6871],[2.3028,41.6884],[2.3018,41.6864],[2.2996,41.6869],[2.2994,41.6833],[2.2975,41.682],[2.2859,41.6817],[2.2765,41.6766],[2.2759,41.6722],[2.273,41.6697],[2.2653,41.6663],[2.2379,41.6713],[2.216,41.6574],[2.1995,41.6558],[2.1932,41.6533],[2.1883,41.6475],[2.1866,41.6475],[2.1877,41.6524],[2.186,41.654],[2.1854,41.6629],[2.174,41.6649],[2.1745,41.6681],[2.1717,41.6709],[2.1723,41.6738],[2.1679,41.675],[2.1662,41.6802],[2.163,41.6814],[2.1624,41.6855],[2.1698,41.6932],[2.1698,41.6985],[2.1659,41.7021],[2.1573,41.7049],[2.1524,41.704],[2.1448,41.7068],[2.1393,41.7129],[2.1366,41.7136],[2.1447,41.7137],[2.1517,41.7178],[2.1548,41.7231],[2.1505,41.7247],[2.1499,41.7271],[2.1526,41.7279],[2.1537,41.7304],[2.1465,41.7384],[2.1433,41.7384],[2.1367,41.7424],[2.1394,41.7477],[2.1355,41.7534],[2.1242,41.75],[2.122,41.75],[2.1204,41.752],[2.1145,41.7491],[2.109,41.7503],[2.1067,41.7621],[2.1023,41.764],[2.1023,41.7669],[2.1039,41.7681],[2.1023,41.7697],[2.1022,41.775],[2.1065,41.7775],[2.1032,41.7819],[2.0977,41.7843],[2.0982,41.7875],[2.0966,41.7903],[2.0873,41.7907],[2.0846,41.7948],[2.0874,41.7993],[2.0823,41.8024],[2.0833,41.8065],[2.0761,41.8093],[2.0757,41.8124],[2.0735,41.8141],[2.0804,41.8186],[2.0793,41.8226],[2.0744,41.8279],[2.0776,41.8303],[2.078,41.8352],[2.0911,41.8353],[2.0905,41.8393],[2.0926,41.8422],[2.0964,41.841],[2.0986,41.8378],[2.1013,41.839],[2.1061,41.8468],[2.1044,41.85],[2.1065,41.8524],[2.1065,41.8557],[2.1119,41.8569]]]},"properties":{"zhr":"39","ha":32076,"danger":3,"exposure":4,"nfr40":146,"nfr60":219}},{"type":"Feature","geometry":{"type":"Polygon","coordinates":[[[1.2997,41.5098],[1.3069,41.503],[1.321,41.5016],[1.3196,41.4926],[1.3217,41.4918],[1.3235,41.4874],[1.3251,41.4874],[1.3252,41.4822],[1.328,41.4782],[1.3277,41.4684],[1.3219,41.4635],[1.321,41.457],[1.3227,41.4554],[1.3184,41.4533],[1.3207,41.4505],[1.3203,41.4452],[1.3182,41.4428],[1.3134,41.4411],[1.3108,41.437],[1.3076,41.4365],[1.3056,41.4292],[1.3029,41.4279],[1.3047,41.4219],[1.3096,41.4195],[1.3086,41.4151],[1.311,41.4062],[1.2978,41.3991],[1.2973,41.3958],[1.2931,41.3929],[1.2855,41.3923],[1.2799,41.3899],[1.2828,41.3831],[1.2818,41.3819],[1.2701,41.3764],[1.2616,41.3754],[1.2535,41.365],[1.247,41.3616],[1.2456,41.3587],[1.227,41.3511],[1.2207,41.342],[1.2118,41.3341],[1.2006,41.3307],[1.1964,41.3278],[1.1908,41.316],[1.1827,41.3175],[1.181,41.3207],[1.175,41.3238],[1.1626,41.3257],[1.1593,41.328],[1.1393,41.3289],[1.1344,41.3325],[1.1259,41.3308],[1.1091,41.3325],[1.1096,41.3358],[1.1035,41.3397],[1.0944,41.34],[1.0889,41.3431],[1.0842,41.3402],[1.0777,41.3417],[1.0718,41.34],[1.0719,41.3384],[1.066,41.335],[1.0662,41.329],[1.0642,41.3261],[1.0405,41.3253],[1.035,41.3288],[1.0265,41.3258],[1.0248,41.3283],[1.0151,41.3289],[1.005,41.3255],[1.0029,41.3262],[1.0016,41.3311],[0.9983,41.3355],[0.988,41.3369],[0.982,41.3405],[0.9755,41.34],[0.9755,41.3428],[0.963,41.3442],[0.963,41.3466],[0.9597,41.349],[0.9601,41.3514],[0.9563,41.353],[0.9584,41.3551],[0.9622,41.3551],[0.9609,41.3616],[0.9625,41.3628],[0.9624,41.3661],[0.9729,41.374],[0.9737,41.3833],[0.9769,41.3834],[0.981,41.3903],[0.9847,41.3908],[0.9918,41.3885],[0.9943,41.3954],[0.9979,41.3987],[1.0007,41.398],[1.0028,41.3996],[1.001,41.4032],[1.0037,41.4049],[1.0036,41.4077],[0.9981,41.4121],[0.9995,41.4166],[1.0071,41.4175],[1.0112,41.4216],[1.0197,41.4262],[1.0256,41.4264],[1.0256,41.4284],[1.0314,41.4321],[1.0329,41.435],[1.0388,41.4359],[1.041,41.4339],[1.0437,41.4344],[1.0468,41.4373],[1.0456,41.4413],[1.0579,41.4443],[1.0579,41.4468],[1.0621,41.4485],[1.0641,41.4558],[1.0705,41.4559],[1.0753,41.46],[1.0785,41.4605],[1.08,41.4637],[1.0919,41.4627],[1.0983,41.4641],[1.1197,41.4705],[1.1223,41.4734],[1.1288,41.4735],[1.1292,41.4763],[1.1313,41.478],[1.1512,41.4807],[1.1544,41.4824],[1.1587,41.4817],[1.172,41.4875],[1.1924,41.4891],[1.1961,41.4936],[1.2004,41.4937],[1.2057,41.4962],[1.2225,41.4924],[1.2355,41.4926],[1.2387,41.4943],[1.2431,41.4915],[1.2511,41.4916],[1.2517,41.4904],[1.2593,41.4893],[1.2656,41.4943],[1.2666,41.4979],[1.2708,41.502],[1.2804,41.5054],[1.283,41.5095],[1.2971,41.5077],[1.2997,41.5098]]]},"properties":{"zhr":"48","ha":40019,"danger":2,"exposure":3,"nfr40":210,"nfr60":315}},{"type":"Feature","geometry":{"type":"Polygon","coordinates":[[[0.647,41.3544],[0.6568,41.3489],[0.6708,41.3488],[0.6823,41.3446],[0.6905,41.3395],[0.6948,41.3395],[0.6971,41.3376],[0.7019,41.3385],[0.7062,41.3373],[0.7084,41.3349],[0.7182,41.3331],[0.7249,41.3255],[0.7292,41.3248],[0.7399,41.3271],[0.7513,41.3249],[0.7539,41.3265],[0.7533,41.3289],[0.7564,41.3314],[0.7659,41.3357],[0.7682,41.3337],[0.7741,41.3346],[0.7768,41.3322],[0.7865,41.3332],[0.7913,41.3321],[0.7952,41.3285],[0.8032,41.3307],[0.8136,41.3269],[0.8194,41.329],[0.8334,41.3285],[0.8344,41.3301],[0.842,41.3302],[0.8474,41.3271],[0.8522,41.3288],[0.8517,41.3268],[0.8545,41.324],[0.8524,41.3223],[0.853,41.3207],[0.8674,41.3234],[0.8896,41.319],[0.8998,41.3212],[0.9075,41.3156],[0.9151,41.3142],[0.9184,41.3118],[0.9157,41.3093],[0.9165,41.304],[0.9049,41.2961],[0.9039,41.2925],[0.8843,41.2852],[0.872,41.2834],[0.8699,41.2825],[0.8694,41.2805],[0.8656,41.2808],[0.8608,41.2787],[0.8559,41.281],[0.8516,41.2806],[0.8478,41.2821],[0.8361,41.2782],[0.8253,41.2817],[0.82,41.2783],[0.8109,41.279],[0.8029,41.2752],[0.8002,41.2755],[0.7908,41.2697],[0.787,41.2704],[0.7843,41.2692],[0.7833,41.2671],[0.7731,41.2685],[0.77,41.2648],[0.7667,41.266],[0.7627,41.259],[0.7532,41.254],[0.7459,41.2453],[0.7423,41.2424],[0.7391,41.2423],[0.7339,41.2353],[0.7308,41.2337],[0.7288,41.2284],[0.7355,41.2212],[0.7357,41.2155],[0.726,41.2161],[0.7189,41.2192],[0.7152,41.2184],[0.7105,41.2142],[0.7045,41.2161],[0.7015,41.2116],[0.6884,41.2032],[0.6884,41.2008],[0.6809,41.2006],[0.6763,41.1957],[0.671,41.1936],[0.67,41.1907],[0.6594,41.1881],[0.6594,41.186],[0.6552,41.1843],[0.6532,41.181],[0.6425,41.1788],[0.6416,41.1763],[0.6368,41.173],[0.622,41.1695],[0.6184,41.1645],[0.6104,41.1635],[0.6098,41.1684],[0.6037,41.1734],[0.5897,41.172],[0.5725,41.1761],[0.5706,41.1803],[0.5706,41.1887],[0.5726,41.1965],[0.5768,41.2026],[0.5766,41.2096],[0.5739,41.2101],[0.5663,41.2067],[0.5562,41.2071],[0.5508,41.2223],[0.5462,41.2291],[0.5536,41.2337],[0.5519,41.2349],[0.5524,41.2369],[0.5343,41.2475],[0.5336,41.2523],[0.5362,41.2544],[0.5447,41.255],[0.5451,41.2586],[0.5509,41.2616],[0.5531,41.2612],[0.553,41.2637],[0.5556,41.2649],[0.556,41.269],[0.5629,41.2724],[0.5643,41.2789],[0.568,41.2806],[0.5683,41.2851],[0.5725,41.2876],[0.5745,41.2921],[0.5777,41.293],[0.5786,41.2974],[0.5818,41.2983],[0.5832,41.3048],[0.5863,41.3065],[0.5878,41.3102],[0.591,41.3115],[0.5904,41.3143],[0.5934,41.3192],[0.5977,41.3193],[0.5997,41.3226],[0.6035,41.3231],[0.6071,41.3276],[0.6118,41.3297],[0.6132,41.3354],[0.6164,41.3383],[0.615,41.3448],[0.6171,41.3481],[0.6294,41.3508],[0.638,41.3501],[0.6416,41.3539],[0.647,41.3544]]]},"properties":{"zhr":"46","ha":32264,"danger":3,"exposure":4,"nfr40":293,"nfr60":439}},{"type":"Feature","geometry":{"type":"Polygon","coordinates":[[[1.0889,41.3431],[1.0944,41.34],[1.1035,41.3397],[1.1096,41.3358],[1.1091,41.3325],[1.1259,41.3308],[1.1344,41.3325],[1.1393,41.3289],[1.1593,41.328],[1.1626,41.3257],[1.175,41.3238],[1.181,41.3207],[1.1827,41.3175],[1.1913,41.3156],[1.1926,41.3103],[1.1953,41.3071],[1.1927,41.3059],[1.1972,41.3013],[1.1898,41.2941],[1.1882,41.2865],[1.1842,41.2847],[1.1754,41.2701],[1.1767,41.2641],[1.1758,41.2586],[1.1738,41.2551],[1.1709,41.2536],[1.1694,41.246],[1.1517,41.214],[1.135,41.2166],[1.1238,41.2144],[1.1162,41.2175],[1.1103,41.2178],[1.1098,41.215],[1.1131,41.2118],[1.1133,41.2077],[1.1011,41.2015],[1.0915,41.2014],[1.0897,41.1977],[1.0916,41.1914],[1.0794,41.1897],[1.0784,41.1877],[1.0521,41.1888],[1.0521,41.1937],[1.0458,41.2038],[1.0499,41.2075],[1.057,41.2044],[1.0634,41.2057],[1.0686,41.2123],[1.0685,41.2147],[1.0663,41.2163],[1.0733,41.2164],[1.0775,41.2185],[1.0753,41.2197],[1.0763,41.2245],[1.0735,41.2261],[1.0724,41.2289],[1.0675,41.2293],[1.0593,41.2352],[1.0581,41.2384],[1.0623,41.2438],[1.0627,41.2478],[1.0545,41.2522],[1.0566,41.2538],[1.0559,41.2587],[1.058,41.2599],[1.0579,41.2636],[1.053,41.2683],[1.0454,41.269],[1.0426,41.2746],[1.035,41.2749],[1.0295,41.2789],[1.022,41.2808],[1.0169,41.2876],[1.0131,41.2895],[1.0001,41.2918],[0.9937,41.2904],[0.9952,41.2949],[0.9919,41.2985],[0.9977,41.3022],[0.9992,41.3059],[1.0056,41.3064],[1.0119,41.3114],[1.007,41.3146],[1.0069,41.3178],[1.0159,41.3208],[1.0168,41.3281],[1.0248,41.3283],[1.0281,41.3259],[1.035,41.3288],[1.0378,41.326],[1.0464,41.325],[1.0491,41.3262],[1.0642,41.3261],[1.0662,41.329],[1.066,41.335],[1.0719,41.3384],[1.0718,41.34],[1.0777,41.3417],[1.0842,41.3402],[1.0889,41.3431]]]},"properties":{"zhr":"61","ha":16236,"danger":2,"exposure":4,"nfr40":132,"nfr60":198}},{"type":"Feature","geometry":{"type":"Polygon","coordinates":[[[0.9029,41.292],[0.9118,41.2813],[0.9124,41.278],[0.9103,41.2768],[0.9094,41.2735],[0.9128,41.2679],[0.9155,41.2663],[0.915,41.2643],[0.9113,41.2622],[0.9079,41.2536],[0.9139,41.2501],[0.923,41.2503],[0.9204,41.2466],[0.9243,41.2426],[0.9068,41.2374],[0.901,41.2332],[0.894,41.2331],[0.8907,41.2347],[0.8871,41.2318],[0.8856,41.2273],[0.8998,41.2202],[0.9037,41.2151],[0.9123,41.2164],[0.9209,41.2137],[0.9212,41.204],[0.9272,41.2025],[0.9317,41.1969],[0.9312,41.1941],[0.927,41.1928],[0.9249,41.1891],[0.9223,41.1878],[0.9224,41.1846],[0.9208,41.1829],[0.9155,41.1816],[0.9124,41.1783],[0.9065,41.1794],[0.9013,41.1745],[0.9008,41.1704],[0.9047,41.1676],[0.9053,41.164],[0.8885,41.1365],[0.8893,41.1293],[0.8915,41.1285],[0.8917,41.1224],[0.8955,41.1197],[0.8945,41.1172],[0.8848,41.1174],[0.876,41.1079],[0.868,41.107],[0.8683,41.0989],[0.8646,41.0964],[0.8617,41.089],[0.8591,41.0866],[0.8469,41.0819],[0.8508,41.0779],[0.8463,41.0669],[0.8398,41.068],[0.8309,41.0625],[0.831,41.0609],[0.8247,41.0555],[0.8141,41.0541],[0.8103,41.0552],[0.8055,41.0535],[0.8015,41.0453],[0.7988,41.0445],[0.7984,41.0416],[0.7958,41.0392],[0.7921,41.0387],[0.7895,41.035],[0.7863,41.0345],[0.7854,41.0317],[0.7796,41.0291],[0.7735,41.0326],[0.7698,41.033],[0.7683,41.0293],[0.7646,41.0272],[0.7507,41.0273],[0.749,41.0297],[0.7469,41.0297],[0.7449,41.0252],[0.7494,41.02],[0.7467,41.0183],[0.7468,41.0155],[0.7426,41.0142],[0.7405,41.0117],[0.7378,41.0125],[0.7304,41.0099],[0.7271,41.0135],[0.7201,41.0142],[0.7155,41.0084],[0.7097,41.0071],[0.7069,41.0086],[0.7043,41.0074],[0.704,41.0021],[0.7018,41.0016],[0.7003,40.9988],[0.6945,40.9979],[0.6951,40.995],[0.6926,40.9913],[0.6888,40.9921],[0.6878,40.9904],[0.6851,40.9904],[0.6858,40.9851],[0.6896,40.9832],[0.6877,40.977],[0.685,40.977],[0.6851,40.9742],[0.6835,40.9737],[0.6848,40.9673],[0.6801,40.9651],[0.6792,40.9607],[0.6755,40.9582],[0.6756,40.9553],[0.6678,40.9503],[0.6669,40.945],[0.6638,40.9448],[0.6615,40.9484],[0.6605,40.9549],[0.6581,40.9574],[0.6591,40.9623],[0.6558,40.9646],[0.6578,40.9671],[0.6561,40.9697],[0.651,40.9722],[0.6484,40.9852],[0.6427,40.9886],[0.6414,40.9941],[0.6428,40.9967],[0.6344,41.0031],[0.6234,41.0079],[0.6269,41.0091],[0.6284,41.0154],[0.6238,41.0149],[0.6249,41.019],[0.6176,41.0241],[0.6122,41.0256],[0.6007,41.0245],[0.6001,41.0323],[0.606,41.0314],[0.616,41.0339],[0.6132,41.0458],[0.6187,41.0535],[0.6219,41.0543],[0.6327,41.0511],[0.6508,41.0507],[0.657,41.0552],[0.6609,41.0615],[0.6572,41.0666],[0.6586,41.0729],[0.6575,41.0799],[0.6424,41.0937],[0.6413,41.101],[0.6374,41.1048],[0.6345,41.1143],[0.6362,41.1246],[0.6463,41.1349],[0.646,41.1413],[0.6388,41.1476],[0.6218,41.1568],[0.612,41.1594],[0.6104,41.1635],[0.6184,41.1645],[0.622,41.1695],[0.6368,41.173],[0.6416,41.1763],[0.6425,41.1788],[0.6532,41.181],[0.6552,41.1843],[0.6594,41.186],[0.6594,41.1881],[0.67,41.1907],[0.671,41.1936],[0.6763,41.1957],[0.6809,41.2006],[0.6884,41.2008],[0.6884,41.2032],[0.7015,41.2116],[0.7045,41.2161],[0.7105,41.2142],[0.7152,41.2184],[0.7189,41.2192],[0.726,41.2161],[0.7357,41.2155],[0.7355,41.2212],[0.7288,41.2284],[0.7308,41.2337],[0.7339,41.2353],[0.7391,41.2423],[0.7423,41.2424],[0.7459,41.2453],[0.7532,41.254],[0.7627,41.259],[0.7667,41.266],[0.77,41.2648],[0.7731,41.2685],[0.7833,41.2671],[0.7843,41.2692],[0.787,41.2704],[0.7908,41.2697],[0.8002,41.2755],[0.8029,41.2752],[0.8109,41.279],[0.82,41.2783],[0.8253,41.2817],[0.8361,41.2782],[0.8489,41.2821],[0.8625,41.2787],[0.8635,41.2804],[0.8694,41.2805],[0.8699,41.2825],[0.872,41.2834],[0.8843,41.2852],[0.9029,41.292]]]},"properties":{"zhr":"58","ha":53784,"danger":2,"exposure":3,"nfr40":160,"nfr60":240}},{"type":"Feature","geometry":{"type":"Polygon","coordinates":[[[0.7865,42.3241],[0.7882,42.3221],[0.7964,42.3199],[0.8024,42.3204],[0.8108,42.3165],[0.8474,42.3144],[0.8574,42.3093],[0.8581,42.3065],[0.8635,42.3057],[0.8653,42.3025],[0.8713,42.3014],[0.8741,42.2986],[0.8716,42.2933],[0.8608,42.2907],[0.8593,42.2858],[0.8555,42.2841],[0.8557,42.2797],[0.8526,42.2756],[0.8538,42.2695],[0.8491,42.2662],[0.8477,42.2584],[0.8413,42.2547],[0.8365,42.2493],[0.8327,42.2484],[0.8319,42.2411],[0.8281,42.2411],[0.8227,42.2389],[0.8201,42.236],[0.8157,42.2351],[0.8147,42.2327],[0.8159,42.2299],[0.8144,42.2274],[0.8172,42.2258],[0.8168,42.2214],[0.8184,42.2202],[0.8192,42.2145],[0.8171,42.2125],[0.8177,42.2092],[0.8156,42.2084],[0.8156,42.2064],[0.8093,42.2014],[0.8006,42.2],[0.7969,42.1975],[0.7877,42.1953],[0.7856,42.1916],[0.7881,42.1848],[0.7925,42.1836],[0.7945,42.1727],[0.799,42.1684],[0.7943,42.1626],[0.7955,42.1582],[0.8006,42.153],[0.8007,42.1498],[0.7934,42.1403],[0.7984,42.1367],[0.8031,42.1283],[0.8059,42.1267],[0.8027,42.1251],[0.8054,42.1239],[0.8108,42.1248],[0.8133,42.1172],[0.8178,42.1136],[0.815,42.114],[0.8092,42.1094],[0.8054,42.1089],[0.8023,42.1028],[0.7882,42.1017],[0.7813,42.0979],[0.7797,42.0979],[0.7796,42.0999],[0.7774,42.1011],[0.7698,42.0993],[0.7672,42.0952],[0.7624,42.0923],[0.7578,42.0849],[0.7469,42.0843],[0.7456,42.0761],[0.7381,42.0727],[0.7356,42.0524],[0.7247,42.051],[0.7236,42.0526],[0.7105,42.0528],[0.7072,42.0555],[0.6885,42.0621],[0.6844,42.0668],[0.6808,42.0765],[0.6854,42.0926],[0.6955,42.099],[0.6954,42.1019],[0.6992,42.107],[0.6995,42.1133],[0.7024,42.1174],[0.7022,42.121],[0.6969,42.1287],[0.696,42.1528],[0.7038,42.1589],[0.7137,42.1636],[0.707,42.1678],[0.6998,42.1695],[0.6979,42.1731],[0.7015,42.1776],[0.7036,42.189],[0.7069,42.1913],[0.7097,42.1976],[0.7086,42.2047],[0.713,42.2088],[0.7148,42.2169],[0.7165,42.2184],[0.7141,42.222],[0.7145,42.2255],[0.72,42.2294],[0.7248,42.236],[0.7251,42.2417],[0.7328,42.2488],[0.7373,42.258],[0.7371,42.265],[0.7394,42.2707],[0.7396,42.2799],[0.7384,42.2819],[0.7444,42.2859],[0.7454,42.3012],[0.7568,42.3093],[0.756,42.3135],[0.7616,42.3204],[0.7664,42.3229],[0.7723,42.3222],[0.7865,42.3241]]]},"properties":{"zhr":"4","ha":23278,"danger":2,"exposure":2,"nfr40":505,"nfr60":758}},{"type":"Feature","geometry":{"type":"Polygon","coordinates":[[[1.659,42.2534],[1.6618,42.2489],[1.6717,42.2491],[1.6799,42.2459],[1.6897,42.248],[1.6979,42.2445],[1.6986,42.2409],[1.7041,42.2389],[1.7042,42.2308],[1.7064,42.2296],[1.7065,42.2251],[1.7082,42.2243],[1.7066,42.2207],[1.7181,42.2184],[1.7177,42.2111],[1.7161,42.2098],[1.7189,42.2083],[1.7195,42.201],[1.7218,42.1961],[1.7389,42.1886],[1.7449,42.1879],[1.7477,42.1851],[1.7553,42.1819],[1.7559,42.1791],[1.7609,42.1779],[1.7621,42.1723],[1.7572,42.1686],[1.7579,42.1645],[1.7541,42.1616],[1.7657,42.1537],[1.7663,42.1496],[1.7783,42.1477],[1.7763,42.1392],[1.7818,42.1364],[1.7846,42.1328],[1.7863,42.1292],[1.7853,42.1239],[1.7875,42.1223],[1.7877,42.1154],[1.7893,42.1134],[1.7889,42.1105],[1.7867,42.1097],[1.7862,42.1052],[1.7836,42.1024],[1.764,42.1014],[1.7647,42.0945],[1.7609,42.0944],[1.7544,42.0915],[1.7539,42.0887],[1.7501,42.087],[1.7397,42.0897],[1.7289,42.0888],[1.7223,42.0912],[1.7206,42.0948],[1.7184,42.0948],[1.7173,42.0968],[1.7069,42.0991],[1.7052,42.1023],[1.691,42.1038],[1.6904,42.107],[1.6876,42.1094],[1.6881,42.1135],[1.6587,42.1148],[1.6511,42.1139],[1.6468,42.1098],[1.6463,42.1081],[1.649,42.1074],[1.6491,42.1049],[1.6427,42.0992],[1.6438,42.0959],[1.6411,42.0963],[1.6401,42.0947],[1.6352,42.0934],[1.633,42.095],[1.6232,42.0941],[1.6173,42.0912],[1.6168,42.0887],[1.6151,42.0907],[1.6015,42.0902],[1.5976,42.0962],[1.586,42.1042],[1.5848,42.107],[1.5733,42.1101],[1.5683,42.1137],[1.5655,42.1173],[1.5654,42.1217],[1.5588,42.1265],[1.5543,42.1329],[1.54,42.1376],[1.5356,42.1416],[1.5355,42.1449],[1.5382,42.1473],[1.5381,42.151],[1.5343,42.1521],[1.5336,42.1554],[1.5373,42.1611],[1.5362,42.1627],[1.5296,42.1638],[1.5268,42.167],[1.5284,42.1695],[1.5273,42.1723],[1.5212,42.1755],[1.52,42.1783],[1.5222,42.18],[1.5221,42.1824],[1.5199,42.184],[1.5226,42.1864],[1.5214,42.1905],[1.5279,42.1918],[1.5283,42.1991],[1.5261,42.1991],[1.5261,42.2003],[1.5272,42.2003],[1.5276,42.2043],[1.539,42.2061],[1.5433,42.2086],[1.5575,42.21],[1.5794,42.2038],[1.5832,42.2046],[1.5849,42.203],[1.592,42.2027],[1.5958,42.2003],[1.6138,42.201],[1.6154,42.2042],[1.6208,42.2051],[1.624,42.2076],[1.6228,42.212],[1.6245,42.2124],[1.626,42.2161],[1.6242,42.225],[1.6273,42.2315],[1.6272,42.2372],[1.6255,42.2384],[1.631,42.2376],[1.6315,42.2401],[1.6342,42.2413],[1.6352,42.2462],[1.6406,42.2467],[1.6428,42.2487],[1.6466,42.2484],[1.659,42.2534]]]},"properties":{"zhr":"22","ha":24725,"danger":0,"exposure":2,"nfr40":12916,"nfr60":19374}},{"type":"Feature","geometry":{"type":"Polygon","coordinates":[[[1.5348,42.2952],[1.537,42.2924],[1.5431,42.2896],[1.5513,42.2893],[1.5514,42.2845],[1.5542,42.2817],[1.5656,42.283],[1.5732,42.2864],[1.5912,42.287],[1.595,42.2854],[1.6032,42.2855],[1.6103,42.2868],[1.6141,42.2857],[1.6283,42.2879],[1.6365,42.2855],[1.6381,42.2884],[1.6408,42.2888],[1.6518,42.2861],[1.6518,42.2845],[1.6546,42.2829],[1.66,42.2826],[1.665,42.2794],[1.6694,42.2798],[1.6715,42.2835],[1.6747,42.2852],[1.7042,42.2847],[1.7151,42.2876],[1.7179,42.2832],[1.7131,42.2791],[1.6945,42.2769],[1.6935,42.2748],[1.6875,42.2736],[1.6876,42.2695],[1.686,42.2675],[1.6904,42.2651],[1.6905,42.2622],[1.6851,42.2606],[1.6846,42.2561],[1.6873,42.2553],[1.6896,42.2521],[1.6897,42.248],[1.6799,42.2459],[1.6717,42.2491],[1.6618,42.2489],[1.6601,42.2526],[1.6579,42.2534],[1.6531,42.2505],[1.6346,42.2458],[1.6342,42.2413],[1.6315,42.2401],[1.631,42.2376],[1.6255,42.2384],[1.6272,42.2372],[1.6273,42.2315],[1.6242,42.225],[1.626,42.2161],[1.6245,42.2124],[1.6228,42.212],[1.624,42.2076],[1.6208,42.2051],[1.6154,42.2042],[1.6138,42.201],[1.5958,42.2003],[1.592,42.2027],[1.5849,42.203],[1.5832,42.2046],[1.5794,42.2038],[1.5575,42.21],[1.5433,42.2086],[1.539,42.2061],[1.5292,42.2052],[1.5261,42.2003],[1.5261,42.1991],[1.5283,42.1991],[1.5279,42.1918],[1.5214,42.1905],[1.5226,42.1864],[1.5204,42.1844],[1.4968,42.1699],[1.4925,42.169],[1.4893,42.1653],[1.4764,42.1579],[1.4564,42.1503],[1.45,42.1462],[1.4462,42.1453],[1.4467,42.1478],[1.4439,42.1501],[1.4395,42.1505],[1.4367,42.1541],[1.4346,42.1537],[1.4339,42.1581],[1.4317,42.1601],[1.429,42.1589],[1.4246,42.16],[1.4144,42.1538],[1.4079,42.1537],[1.404,42.1553],[1.396,42.1503],[1.3872,42.1514],[1.3833,42.1542],[1.3801,42.1537],[1.3688,42.1463],[1.3655,42.1487],[1.3585,42.1457],[1.3573,42.1485],[1.3491,42.1517],[1.3469,42.1516],[1.341,42.1471],[1.3372,42.1491],[1.3348,42.1559],[1.3314,42.1599],[1.3238,42.1618],[1.3195,42.1593],[1.3196,42.1553],[1.3174,42.154],[1.3098,42.1547],[1.3043,42.1583],[1.2963,42.1517],[1.2908,42.152],[1.2904,42.1463],[1.2845,42.1422],[1.282,42.1361],[1.2816,42.1308],[1.2833,42.128],[1.279,42.1259],[1.2791,42.1235],[1.2613,42.1175],[1.2624,42.1155],[1.2673,42.114],[1.2691,42.1095],[1.2611,42.1056],[1.2499,42.1054],[1.2457,42.1058],[1.2438,42.108],[1.2398,42.1072],[1.2361,42.1017],[1.2253,42.0987],[1.2248,42.0967],[1.221,42.0954],[1.2206,42.0934],[1.2152,42.0901],[1.1951,42.0904],[1.1872,42.0869],[1.1831,42.0831],[1.1762,42.0812],[1.1741,42.0827],[1.1654,42.0817],[1.1681,42.0833],[1.1642,42.0848],[1.1613,42.0904],[1.1496,42.102],[1.1532,42.1085],[1.1524,42.1183],[1.1482,42.1287],[1.1487,42.1328],[1.1443,42.1323],[1.1426,42.1372],[1.1392,42.1395],[1.1407,42.1436],[1.1394,42.1517],[1.1426,42.1542],[1.1419,42.1594],[1.1391,42.161],[1.1374,42.1654],[1.1433,42.1663],[1.1437,42.1724],[1.1458,42.1745],[1.1437,42.1919],[1.1518,42.1924],[1.1617,42.1906],[1.1632,42.1967],[1.1685,42.2012],[1.1674,42.2194],[1.156,42.2192],[1.1548,42.2229],[1.1421,42.2275],[1.1391,42.2352],[1.1401,42.2384],[1.1444,42.2401],[1.1467,42.2389],[1.1584,42.2464],[1.1556,42.2492],[1.1549,42.2545],[1.151,42.2572],[1.1515,42.2605],[1.1547,42.2614],[1.1552,42.2638],[1.1606,42.2647],[1.1645,42.2635],[1.1699,42.2661],[1.1858,42.261],[1.1978,42.2625],[1.2033,42.2597],[1.2174,42.2636],[1.2164,42.2615],[1.2176,42.2583],[1.2241,42.2588],[1.2335,42.2557],[1.2427,42.255],[1.2586,42.2549],[1.2591,42.2565],[1.2677,42.2603],[1.27,42.2542],[1.2837,42.2544],[1.2941,42.2514],[1.3001,42.2535],[1.3018,42.2499],[1.3062,42.2483],[1.3068,42.2459],[1.3112,42.2443],[1.3118,42.2423],[1.326,42.2417],[1.3344,42.2357],[1.3387,42.237],[1.342,42.2346],[1.3513,42.2344],[1.3514,42.2307],[1.3531,42.2291],[1.3579,42.2316],[1.3595,42.2353],[1.3649,42.237],[1.374,42.2432],[1.3794,42.2449],[1.3843,42.2433],[1.3848,42.2454],[1.3897,42.2483],[1.3951,42.248],[1.4032,42.2521],[1.4081,42.2518],[1.4156,42.258],[1.42,42.258],[1.4255,42.2553],[1.4265,42.2569],[1.4325,42.2586],[1.4346,42.2623],[1.4405,42.2648],[1.4525,42.2658],[1.4617,42.2708],[1.4758,42.2718],[1.4763,42.2738],[1.4796,42.2754],[1.4805,42.2836],[1.4908,42.2849],[1.4989,42.2887],[1.5033,42.2875],[1.5136,42.2893],[1.5212,42.2938],[1.5348,42.2952]]]},"properties":{"zhr":"13","ha":52037,"danger":1,"exposure":2,"nfr40":878,"nfr60":1317}},{"type":"Feature","geometry":{"type":"Polygon","coordinates":[[[0.8018,41.8021],[0.8116,41.8006],[0.8151,41.795],[0.8231,41.7976],[0.8259,41.794],[0.8303,41.7941],[0.8318,41.7961],[0.8361,41.7974],[0.8667,41.7903],[0.8763,41.7937],[0.9352,41.781],[0.9402,41.7767],[0.9428,41.7791],[0.9455,41.7792],[0.9836,41.775],[0.9868,41.7742],[0.9869,41.7718],[1.0005,41.7708],[1.0031,41.7733],[1.0173,41.7703],[1.0238,41.7708],[1.0259,41.7725],[1.0358,41.767],[1.0365,41.7629],[1.0458,41.759],[1.0539,41.758],[1.0546,41.7551],[1.0627,41.7561],[1.0659,41.7557],[1.0676,41.7537],[1.0778,41.7547],[1.0806,41.7535],[1.0913,41.757],[1.0979,41.7542],[1.1038,41.756],[1.1076,41.754],[1.1078,41.7487],[1.1111,41.7476],[1.1117,41.7456],[1.1236,41.7457],[1.1253,41.7437],[1.1307,41.7434],[1.1307,41.7418],[1.134,41.7398],[1.1411,41.74],[1.1439,41.7359],[1.151,41.7344],[1.1517,41.7288],[1.1506,41.7263],[1.1464,41.725],[1.146,41.7202],[1.1362,41.7196],[1.1352,41.7184],[1.1347,41.7159],[1.1376,41.7111],[1.1349,41.7107],[1.1349,41.7086],[1.1323,41.7078],[1.1279,41.7081],[1.1246,41.7105],[1.1187,41.7088],[1.1183,41.7043],[1.1157,41.7014],[1.1163,41.6986],[1.1066,41.6956],[1.1031,41.6879],[1.1064,41.6859],[1.1065,41.6814],[1.1125,41.6799],[1.1142,41.6771],[1.1208,41.6732],[1.1215,41.6699],[1.1242,41.6688],[1.1222,41.663],[1.1271,41.6599],[1.1273,41.6554],[1.1355,41.6511],[1.1436,41.6529],[1.1474,41.6501],[1.1405,41.6483],[1.1378,41.6459],[1.1292,41.6445],[1.1298,41.6417],[1.1261,41.64],[1.1252,41.6339],[1.122,41.6322],[1.1226,41.6298],[1.1242,41.6294],[1.1228,41.625],[1.1255,41.623],[1.1212,41.6229],[1.1197,41.6188],[1.1165,41.6188],[1.108,41.613],[1.0951,41.6099],[1.087,41.6098],[1.0871,41.6073],[1.0893,41.6058],[1.0883,41.6013],[1.09,41.6009],[1.0912,41.5977],[1.1015,41.595],[1.1015,41.593],[1.112,41.5875],[1.1132,41.5826],[1.1106,41.5798],[1.1084,41.5797],[1.1085,41.5781],[1.1141,41.5701],[1.1179,41.5689],[1.1179,41.5677],[1.1083,41.5655],[1.0982,41.5601],[1.0943,41.5633],[1.09,41.562],[1.0857,41.5631],[1.0706,41.5625],[1.0599,41.5603],[1.0393,41.5611],[1.0356,41.5603],[1.0378,41.5575],[1.033,41.5566],[1.0278,41.5508],[1.0261,41.5524],[1.0026,41.5526],[0.9607,41.5387],[0.9407,41.5396],[0.9037,41.5324],[0.8957,41.5323],[0.8853,41.5353],[0.8834,41.528],[0.8786,41.5247],[0.8792,41.5234],[0.8868,41.5224],[0.8896,41.5184],[0.8892,41.5147],[0.8925,41.5123],[0.8926,41.5095],[0.8911,41.5079],[0.8835,41.5073],[0.8801,41.5036],[0.8785,41.496],[0.8822,41.491],[0.8807,41.4861],[0.878,41.4843],[0.8687,41.487],[0.8481,41.4969],[0.8287,41.4998],[0.8182,41.4935],[0.8077,41.4942],[0.8015,41.4919],[0.7966,41.4917],[0.7836,41.4961],[0.7734,41.4951],[0.7696,41.4971],[0.7583,41.4944],[0.7477,41.4884],[0.7344,41.4866],[0.7316,41.489],[0.7272,41.4897],[0.7144,41.4883],[0.7089,41.4894],[0.7002,41.492],[0.6979,41.496],[0.6914,41.4971],[0.6903,41.4987],[0.6833,41.4974],[0.6775,41.4928],[0.6776,41.4912],[0.6722,41.4907],[0.6718,41.4886],[0.674,41.4862],[0.6794,41.486],[0.6806,41.4823],[0.6844,41.4808],[0.6733,41.4765],[0.674,41.4725],[0.6708,41.4704],[0.6731,41.4676],[0.6721,41.4655],[0.6732,41.4627],[0.6793,41.4592],[0.6795,41.4539],[0.6774,41.4527],[0.6801,41.4519],[0.6786,41.447],[0.6814,41.4463],[0.6831,41.4431],[0.6833,41.4382],[0.6817,41.4366],[0.6835,41.4301],[0.6685,41.4298],[0.6554,41.434],[0.6382,41.4324],[0.6257,41.4374],[0.6204,41.4353],[0.6152,41.4299],[0.613,41.4315],[0.6055,41.4301],[0.6045,41.4281],[0.6012,41.4276],[0.5998,41.4235],[0.596,41.423],[0.5973,41.419],[0.5957,41.4182],[0.5964,41.4133],[0.5943,41.4117],[0.5944,41.408],[0.6012,41.4004],[0.611,41.3974],[0.6111,41.3942],[0.6151,41.3882],[0.6275,41.3864],[0.6352,41.3817],[0.6401,41.3818],[0.6483,41.3779],[0.6547,41.3776],[0.6554,41.3732],[0.6609,41.3697],[0.6572,41.3696],[0.649,41.3735],[0.6393,41.3745],[0.6326,41.3796],[0.6294,41.3796],[0.6212,41.3838],[0.6077,41.3836],[0.597,41.3809],[0.5825,41.3806],[0.5772,41.3781],[0.5696,41.3807],[0.558,41.3756],[0.5525,41.3767],[0.5521,41.3751],[0.5435,41.3729],[0.5436,41.3713],[0.5393,41.3712],[0.5357,41.3679],[0.5287,41.3677],[0.5243,41.3696],[0.5207,41.3643],[0.5163,41.3666],[0.5105,41.3657],[0.51,41.3645],[0.5024,41.3651],[0.4965,41.3638],[0.4923,41.3608],[0.4912,41.3632],[0.4885,41.3636],[0.4837,41.3615],[0.4827,41.359],[0.4784,41.3605],[0.4763,41.3589],[0.4769,41.3565],[0.4742,41.3564],[0.4724,41.3624],[0.4691,41.3636],[0.469,41.3664],[0.464,41.3691],[0.4672,41.3716],[0.466,41.3753],[0.4578,41.3775],[0.4567,41.3791],[0.4507,41.3798],[0.4413,41.3861],[0.4323,41.3838],[0.4269,41.3845],[0.4251,41.3869],[0.416,41.3875],[0.4085,41.3857],[0.4003,41.3888],[0.3997,41.3916],[0.3947,41.3951],[0.3882,41.3958],[0.3862,41.4051],[0.3866,41.4083],[0.3882,41.4088],[0.387,41.4112],[0.3833,41.4111],[0.3696,41.4157],[0.3585,41.4149],[0.3535,41.418],[0.3455,41.4131],[0.3412,41.4126],[0.3517,41.4329],[0.3497,41.4352],[0.3451,41.4356],[0.3447,41.4388],[0.3569,41.4523],[0.3459,41.459],[0.3457,41.4656],[0.3405,41.4738],[0.3419,41.478],[0.3387,41.4819],[0.3393,41.4848],[0.3484,41.4872],[0.3513,41.4846],[0.3724,41.4846],[0.3856,41.4863],[0.3973,41.4902],[0.4104,41.5043],[0.4106,41.5075],[0.4173,41.516],[0.4267,41.5221],[0.4316,41.5293],[0.4429,41.5408],[0.4473,41.5422],[0.4401,41.5554],[0.4307,41.5652],[0.4335,41.5696],[0.4302,41.5777],[0.4362,41.5851],[0.4343,41.5935],[0.4289,41.6026],[0.4029,41.593],[0.3931,41.5956],[0.3495,41.5995],[0.3464,41.6222],[0.3586,41.6316],[0.348,41.6383],[0.334,41.6599],[0.3272,41.6622],[0.3262,41.6658],[0.3271,41.6799],[0.3431,41.6978],[0.3483,41.7012],[0.3478,41.6997],[0.3501,41.6965],[0.3539,41.697],[0.3583,41.6934],[0.3549,41.6982],[0.3604,41.6971],[0.3603,41.6987],[0.3558,41.7039],[0.352,41.7036],[0.3682,41.7146],[0.3693,41.7258],[0.3732,41.725],[0.3832,41.7406],[0.3955,41.7324],[0.399,41.7576],[0.4011,41.7569],[0.4289,41.7619],[0.4397,41.7619],[0.4474,41.7651],[0.4642,41.7636],[0.4689,41.7658],[0.4741,41.7884],[0.4812,41.796],[0.4827,41.8002],[0.4894,41.8052],[0.4944,41.8049],[0.4992,41.8073],[0.5017,41.8142],[0.5152,41.8227],[0.5207,41.8208],[0.5247,41.8219],[0.5437,41.8207],[0.5498,41.827],[0.5537,41.8351],[0.5524,41.8463],[0.5541,41.8511],[0.5578,41.8541],[0.5621,41.8524],[0.5625,41.8536],[0.5803,41.8515],[0.5785,41.8486],[0.5786,41.8301],[0.5857,41.8306],[0.6204,41.8211],[0.6371,41.8178],[0.6398,41.8191],[0.6414,41.8172],[0.6502,41.8164],[0.6999,41.8141],[0.7009,41.8156],[0.715,41.8179],[0.7246,41.8216],[0.727,41.825],[0.7297,41.8209],[0.7435,41.8164],[0.7495,41.8165],[0.7805,41.8073],[0.7806,41.8061],[0.7893,41.8046],[0.7959,41.7995],[0.8003,41.8],[0.8018,41.8021]]]},"properties":{"zhr":"33","ha":222962,"danger":2,"exposure":2,"nfr40":1580,"nfr60":2370}},{"type":"Feature","geometry":{"type":"Polygon","coordinates":[[[2.3414,41.9995],[2.3502,41.9928],[2.3553,41.9936],[2.3558,41.9899],[2.3639,41.9854],[2.3673,41.9778],[2.3694,41.9769],[2.3804,41.9757],[2.3879,41.9724],[2.4018,41.9694],[2.4115,41.9698],[2.4164,41.9653],[2.4238,41.9683],[2.4305,41.9688],[2.4359,41.9728],[2.4399,41.9727],[2.4416,41.9704],[2.4371,41.9674],[2.4436,41.9665],[2.4499,41.9597],[2.4596,41.9566],[2.4609,41.9573],[2.4604,41.961],[2.47,41.9572],[2.4721,41.9609],[2.4772,41.9613],[2.4832,41.9644],[2.4872,41.9618],[2.4921,41.962],[2.4963,41.9672],[2.4959,41.9768],[2.4976,41.9792],[2.5029,41.9732],[2.5086,41.973],[2.5216,41.9795],[2.5276,41.9785],[2.5276,41.9821],[2.5299,41.9845],[2.5405,41.9837],[2.5475,41.9863],[2.5517,41.9842],[2.5564,41.9917],[2.5612,41.9904],[2.5685,41.9926],[2.5711,41.9863],[2.5811,41.9842],[2.5795,41.9828],[2.579,41.9763],[2.5687,41.9698],[2.5704,41.9633],[2.5786,41.9552],[2.5862,41.9532],[2.5911,41.9496],[2.596,41.95],[2.608,41.9424],[2.6096,41.9387],[2.6162,41.9343],[2.6184,41.9262],[2.613,41.9181],[2.6141,41.9136],[2.6103,41.9108],[2.5886,41.9115],[2.5876,41.9095],[2.5827,41.9078],[2.5827,41.9026],[2.5795,41.9001],[2.5654,41.8976],[2.5539,41.9045],[2.5539,41.9065],[2.5469,41.9061],[2.5452,41.9081],[2.5436,41.9081],[2.5425,41.9057],[2.5431,41.9028],[2.5382,41.9008],[2.5356,41.8971],[2.5318,41.8979],[2.5301,41.8999],[2.5241,41.8999],[2.5231,41.8967],[2.5253,41.8914],[2.5221,41.8886],[2.5199,41.8889],[2.5194,41.8845],[2.5167,41.8825],[2.5183,41.8792],[2.5216,41.8788],[2.5227,41.8768],[2.5205,41.8748],[2.5211,41.8723],[2.5135,41.8715],[2.5081,41.8739],[2.4907,41.8759],[2.4761,41.8754],[2.4728,41.8729],[2.4728,41.8713],[2.4615,41.8692],[2.4599,41.8664],[2.4582,41.8672],[2.4582,41.8692],[2.4512,41.8684],[2.4523,41.8664],[2.4507,41.8615],[2.4458,41.8607],[2.4426,41.8558],[2.4361,41.8537],[2.4448,41.8462],[2.451,41.8432],[2.4527,41.8399],[2.463,41.8343],[2.467,41.8344],[2.4699,41.8282],[2.4797,41.8245],[2.4803,41.8223],[2.4948,41.8197],[2.4961,41.816],[2.5008,41.819],[2.5052,41.8189],[2.5138,41.8164],[2.5166,41.8171],[2.52,41.814],[2.5221,41.8144],[2.5215,41.8124],[2.5107,41.8123],[2.5004,41.8094],[2.4994,41.8066],[2.494,41.8041],[2.494,41.8017],[2.4908,41.7988],[2.4859,41.7956],[2.4762,41.7955],[2.474,41.7939],[2.474,41.7899],[2.4708,41.7882],[2.4611,41.7861],[2.4584,41.7833],[2.447,41.7865],[2.4437,41.7889],[2.4431,41.7986],[2.4322,41.8038],[2.4143,41.8046],[2.409,41.8013],[2.4035,41.8017],[2.3965,41.8057],[2.3873,41.8044],[2.3834,41.8085],[2.3796,41.8084],[2.3764,41.8048],[2.3721,41.8043],[2.3536,41.8075],[2.3487,41.8164],[2.3373,41.8187],[2.328,41.8264],[2.3258,41.8304],[2.3279,41.8321],[2.3251,41.8381],[2.3251,41.8434],[2.3272,41.8454],[2.3256,41.8474],[2.3255,41.8523],[2.3239,41.8555],[2.3184,41.8588],[2.3216,41.8648],[2.3204,41.875],[2.3253,41.8766],[2.3247,41.8786],[2.3279,41.8831],[2.3333,41.8836],[2.3366,41.8868],[2.3371,41.8925],[2.3398,41.8929],[2.3403,41.8954],[2.3386,41.9002],[2.3418,41.9014],[2.3418,41.9059],[2.344,41.9059],[2.3466,41.9108],[2.3461,41.9144],[2.3493,41.9161],[2.3514,41.9197],[2.3558,41.919],[2.3557,41.9222],[2.3606,41.9238],[2.3633,41.9267],[2.3616,41.932],[2.3648,41.9348],[2.3686,41.9344],[2.3675,41.9389],[2.3708,41.9405],[2.3707,41.9429],[2.3674,41.9458],[2.3669,41.9502],[2.3674,41.9522],[2.3696,41.9527],[2.369,41.9567],[2.3722,41.9571],[2.3744,41.9596],[2.37,41.9628],[2.3765,41.9669],[2.3759,41.9689],[2.3721,41.9713],[2.3639,41.9721],[2.3584,41.983],[2.3546,41.985],[2.3524,41.989],[2.3464,41.991],[2.3452,41.9939],[2.3414,41.9963],[2.3414,41.9995]]]},"properties":{"zhr":"40","ha":29900,"danger":2,"exposure":1,"nfr40":2908,"nfr60":4362}},{"type":"Feature","geometry":{"type":"Polygon","coordinates":[[[2.3532,42.1718],[2.3772,42.1691],[2.3816,42.1659],[2.3854,42.1663],[2.3887,42.1688],[2.3947,42.1676],[2.3996,42.162],[2.403,42.1543],[2.4068,42.1539],[2.4117,42.1499],[2.4221,42.1507],[2.4292,42.1487],[2.4335,42.1451],[2.4374,42.1447],[2.4407,42.1419],[2.439,42.1419],[2.4396,42.1399],[2.4369,42.1354],[2.4293,42.1374],[2.4216,42.1357],[2.4064,42.1361],[2.407,42.1344],[2.4097,42.134],[2.4168,42.1288],[2.4201,42.1284],[2.4256,42.124],[2.4375,42.1241],[2.4397,42.1257],[2.4484,42.1261],[2.4506,42.1233],[2.4572,42.1225],[2.4642,42.125],[2.4674,42.1295],[2.4723,42.1303],[2.481,42.1372],[2.4854,42.1356],[2.492,42.1259],[2.4926,42.1207],[2.4882,42.1194],[2.4823,42.1121],[2.4779,42.1113],[2.4715,42.1052],[2.4753,42.0979],[2.4786,42.0959],[2.477,42.089],[2.4814,42.0862],[2.4755,42.0768],[2.481,42.07],[2.4805,42.0679],[2.4827,42.0651],[2.4903,42.0643],[2.4958,42.0607],[2.5002,42.0498],[2.5073,42.0498],[2.5111,42.0478],[2.5138,42.0421],[2.522,42.0365],[2.5226,42.0337],[2.5357,42.0256],[2.5357,42.0215],[2.5439,42.0179],[2.5445,42.0143],[2.5516,42.0135],[2.5554,42.0107],[2.5592,42.0111],[2.5625,42.0067],[2.5652,42.0087],[2.5722,42.0087],[2.5793,42.0047],[2.5793,42.0031],[2.5821,42.0015],[2.581,41.9966],[2.5783,41.9946],[2.5789,41.9917],[2.5811,41.9909],[2.5811,41.9842],[2.5711,41.9863],[2.5695,41.9914],[2.5675,41.9928],[2.5612,41.9904],[2.5564,41.9917],[2.5517,41.9842],[2.5475,41.9863],[2.5405,41.9837],[2.5299,41.9845],[2.5276,41.9821],[2.5276,41.9785],[2.5216,41.9795],[2.5086,41.973],[2.5029,41.9732],[2.4976,41.9792],[2.4959,41.9768],[2.4963,41.9672],[2.4921,41.962],[2.4872,41.9618],[2.4832,41.9644],[2.4772,41.9613],[2.4721,41.9609],[2.47,41.9572],[2.4604,41.961],[2.4609,41.9573],[2.4587,41.9567],[2.4499,41.9597],[2.4436,41.9665],[2.4371,41.9674],[2.4416,41.9704],[2.4399,41.9727],[2.4359,41.9728],[2.4305,41.9688],[2.4238,41.9683],[2.4164,41.9653],[2.4115,41.9698],[2.4018,41.9694],[2.3879,41.9724],[2.3804,41.9757],[2.3694,41.9769],[2.3673,41.9778],[2.3639,41.9854],[2.3558,41.9899],[2.3553,41.9936],[2.3502,41.9928],[2.3432,41.9981],[2.3429,41.9995],[2.3501,42.0012],[2.3511,42.0085],[2.3461,42.0113],[2.3402,42.0105],[2.3385,42.0137],[2.3401,42.019],[2.3477,42.0235],[2.3427,42.0283],[2.3437,42.0332],[2.3361,42.0404],[2.336,42.0433],[2.3338,42.0457],[2.3321,42.0558],[2.3337,42.0566],[2.3342,42.0627],[2.3255,42.0651],[2.3168,42.063],[2.3113,42.0711],[2.3118,42.0751],[2.3188,42.0805],[2.3187,42.0837],[2.3241,42.0882],[2.323,42.0914],[2.3257,42.0931],[2.3284,42.0996],[2.3174,42.0962],[2.3141,42.0921],[2.2935,42.1018],[2.2951,42.1022],[2.294,42.1058],[2.3011,42.1095],[2.3021,42.112],[2.3065,42.1128],[2.307,42.1165],[2.3053,42.1168],[2.3036,42.1221],[2.3047,42.1225],[2.3041,42.1274],[2.3101,42.1302],[2.3089,42.1383],[2.3012,42.144],[2.3001,42.1472],[2.3011,42.1561],[2.3076,42.1582],[2.3135,42.1627],[2.3283,42.1624],[2.3315,42.1648],[2.3353,42.1653],[2.3396,42.1689],[2.3456,42.1681],[2.3532,42.1718]]]},"properties":{"zhr":"29","ha":30498,"danger":1,"exposure":1,"nfr40":107808,"nfr60":161713}},{"type":"Feature","geometry":{"type":"Polygon","coordinates":[[[1.3764,41.2981],[1.3963,41.2898],[1.4154,41.2871],[1.4236,41.2823],[1.43,41.2817],[1.4314,41.2774],[1.434,41.2778],[1.4472,41.2734],[1.4562,41.273],[1.4593,41.2704],[1.475,41.2765],[1.4774,41.2817],[1.486,41.2915],[1.4979,41.2915],[1.5105,41.2987],[1.5085,41.2938],[1.5097,41.2877],[1.5119,41.2853],[1.5105,41.2776],[1.5143,41.2736],[1.5155,41.2687],[1.5134,41.2679],[1.5141,41.2594],[1.511,41.2541],[1.5208,41.2481],[1.5258,41.2421],[1.5284,41.243],[1.5278,41.2462],[1.5332,41.2479],[1.5312,41.2402],[1.5356,41.2337],[1.5331,41.2268],[1.5348,41.2228],[1.5349,41.2159],[1.5441,41.2136],[1.5575,41.2174],[1.557,41.2121],[1.5592,41.2105],[1.5572,41.2069],[1.5579,41.1996],[1.55,41.1893],[1.5468,41.1889],[1.5485,41.184],[1.5295,41.1806],[1.5259,41.1782],[1.5277,41.177],[1.525,41.1763],[1.5244,41.1789],[1.5165,41.1783],[1.4876,41.1711],[1.4802,41.1674],[1.4777,41.1681],[1.4594,41.1633],[1.4017,41.1371],[1.4045,41.135],[1.3996,41.132],[1.4036,41.135],[1.4023,41.136],[1.395,41.1318],[1.386,41.1326],[1.3841,41.1343],[1.3631,41.1306],[1.3636,41.1354],[1.3613,41.1386],[1.3632,41.1467],[1.366,41.1509],[1.3651,41.1575],[1.3597,41.1592],[1.3508,41.169],[1.3417,41.1662],[1.3393,41.1688],[1.3413,41.1724],[1.3344,41.1718],[1.328,41.1763],[1.3278,41.1782],[1.3341,41.1836],[1.334,41.1857],[1.332,41.1894],[1.3325,41.1916],[1.3274,41.1983],[1.3355,41.204],[1.3367,41.2063],[1.3414,41.2075],[1.3422,41.2097],[1.3399,41.2097],[1.3387,41.2116],[1.3403,41.2148],[1.3431,41.2148],[1.3431,41.219],[1.3457,41.219],[1.3472,41.2225],[1.3522,41.221],[1.3531,41.2231],[1.3533,41.2246],[1.3482,41.2292],[1.3487,41.2359],[1.351,41.2396],[1.3473,41.2412],[1.3545,41.2493],[1.3584,41.2578],[1.3518,41.2633],[1.3509,41.2779],[1.347,41.2823],[1.3501,41.2884],[1.3484,41.29],[1.3515,41.2957],[1.359,41.2931],[1.3764,41.2981]]]},"properties":{"zhr":"65","ha":22678,"danger":2,"exposure":3,"nfr40":186,"nfr60":279}},{"type":"Feature","geometry":{"type":"Polygon","coordinates":[[[0.7725,41.033],[0.7839,41.0276],[0.7861,41.0244],[0.794,41.0245],[0.7985,41.0228],[0.7997,41.0243],[0.8031,41.0227],[0.8048,41.027],[0.8116,41.0262],[0.8112,41.0227],[0.8057,41.018],[0.8022,41.0107],[0.8,41.0096],[0.7995,41.0076],[0.8017,41.0056],[0.8027,41.0081],[0.8081,41.0086],[0.814,41.0063],[0.8193,41.0084],[0.8279,41.0086],[0.8316,41.0082],[0.8367,41.0043],[0.8451,41.0036],[0.8474,41.0049],[0.8632,41.0064],[0.8686,41.0118],[0.878,41.0143],[0.8892,41.0142],[0.8939,41.0175],[0.8988,41.018],[0.9011,41.0171],[0.9061,41.0099],[0.9107,41.0082],[0.9229,40.9979],[0.9248,40.9926],[0.9312,40.9914],[0.9292,40.9905],[0.9308,40.9884],[0.9266,40.987],[0.9301,40.9885],[0.929,40.9901],[0.9271,40.9894],[0.9279,40.9881],[0.9264,40.9894],[0.9235,40.9883],[0.9244,40.9872],[0.9221,40.9862],[0.9239,40.9872],[0.9221,40.9887],[0.9163,40.9879],[0.904,40.9773],[0.8964,40.9739],[0.8908,40.9662],[0.8812,40.9604],[0.8798,40.9563],[0.8757,40.9524],[0.8619,40.947],[0.8571,40.9351],[0.8513,40.9306],[0.8526,40.9292],[0.8506,40.9262],[0.8513,40.9297],[0.8431,40.9216],[0.8414,40.9225],[0.8412,40.9208],[0.8381,40.92],[0.8364,40.9174],[0.8366,40.915],[0.836,40.9141],[0.8363,40.915],[0.8331,40.9167],[0.8356,40.9149],[0.8322,40.9132],[0.8338,40.9119],[0.8264,40.9084],[0.8275,40.9076],[0.8266,40.9032],[0.8239,40.9026],[0.8242,40.9009],[0.8184,40.8958],[0.8166,40.8921],[0.8143,40.8921],[0.8067,40.8871],[0.808,40.8866],[0.8055,40.8849],[0.803,40.8784],[0.8048,40.8832],[0.8021,40.8826],[0.8029,40.8813],[0.8002,40.8792],[0.8021,40.8794],[0.7979,40.8777],[0.7984,40.8766],[0.7957,40.8763],[0.7968,40.8746],[0.7947,40.8742],[0.7956,40.8713],[0.7919,40.8668],[0.7791,40.8595],[0.7705,40.8582],[0.7666,40.8552],[0.7626,40.8466],[0.7565,40.8476],[0.752,40.8465],[0.7489,40.8434],[0.7493,40.8412],[0.745,40.8391],[0.7416,40.8308],[0.7415,40.8237],[0.7347,40.8239],[0.7319,40.8207],[0.7319,40.8185],[0.7216,40.8161],[0.719,40.8132],[0.7132,40.8114],[0.7111,40.8084],[0.7126,40.8113],[0.7082,40.8105],[0.7101,40.8091],[0.707,40.8098],[0.7049,40.8066],[0.7022,40.8059],[0.6947,40.8069],[0.6876,40.8109],[0.6775,40.8115],[0.6731,40.815],[0.6504,40.8215],[0.6455,40.8258],[0.6459,40.8295],[0.6443,40.8294],[0.6381,40.8394],[0.6407,40.8407],[0.6416,40.8448],[0.6399,40.8484],[0.6468,40.8498],[0.6525,40.8531],[0.6503,40.8551],[0.6512,40.86],[0.6621,40.8687],[0.662,40.8728],[0.6598,40.8731],[0.6598,40.8752],[0.6576,40.8767],[0.6586,40.8784],[0.6569,40.88],[0.6526,40.8803],[0.6568,40.884],[0.6519,40.8855],[0.6517,40.892],[0.6533,40.8929],[0.6521,40.8949],[0.6606,40.8958],[0.6666,40.8935],[0.674,40.8949],[0.6782,40.8974],[0.683,40.8979],[0.6826,40.908],[0.6939,40.9054],[0.696,40.9067],[0.6781,40.913],[0.6739,40.9163],[0.6733,40.9207],[0.6685,40.9279],[0.6699,40.9347],[0.6653,40.9442],[0.6669,40.945],[0.6678,40.9503],[0.6756,40.9553],[0.6755,40.9582],[0.6792,40.9607],[0.6801,40.9651],[0.6848,40.9673],[0.6835,40.9737],[0.6851,40.9742],[0.685,40.977],[0.6877,40.977],[0.6896,40.9832],[0.6858,40.9851],[0.6851,40.9904],[0.6878,40.9904],[0.6888,40.9921],[0.6926,40.9913],[0.6951,40.995],[0.6945,40.9979],[0.7003,40.9988],[0.7018,41.0016],[0.704,41.0021],[0.7038,41.007],[0.7069,41.0086],[0.7097,41.0071],[0.7155,41.0084],[0.7201,41.0142],[0.7271,41.0135],[0.7304,41.0099],[0.7378,41.0125],[0.7405,41.0117],[0.7426,41.0142],[0.7453,41.0143],[0.7468,41.0155],[0.7467,41.0183],[0.7494,41.02],[0.7449,41.0252],[0.7469,41.0297],[0.749,41.0297],[0.7507,41.0273],[0.7646,41.0272],[0.7683,41.0293],[0.7698,41.033],[0.7725,41.033]]]},"properties":{"zhr":"74","ha":30902,"danger":3,"exposure":4,"nfr40":50,"nfr60":75}},{"type":"Feature","geometry":{"type":"Polygon","coordinates":[[[0.7361,42.0529],[0.7381,42.0727],[0.7456,42.0761],[0.7469,42.0843],[0.7578,42.0849],[0.7624,42.0923],[0.7672,42.0952],[0.7698,42.0993],[0.7774,42.1011],[0.7796,42.0999],[0.7797,42.0979],[0.7813,42.0979],[0.7882,42.1017],[0.8023,42.1028],[0.8054,42.1089],[0.8092,42.1094],[0.815,42.114],[0.8178,42.1136],[0.8133,42.1172],[0.8108,42.1248],[0.8054,42.1239],[0.8027,42.1251],[0.8059,42.1267],[0.8031,42.1283],[0.7984,42.1367],[0.7934,42.1403],[0.7965,42.1448],[0.8081,42.141],[0.8227,42.1429],[0.8277,42.1422],[0.8346,42.1455],[0.8462,42.1417],[0.8527,42.143],[0.856,42.1419],[0.869,42.1425],[0.8714,42.1381],[0.8818,42.1351],[0.883,42.1327],[0.8921,42.1357],[0.8955,42.1321],[0.8988,42.1325],[0.9016,42.1289],[0.9,42.1269],[0.9007,42.1229],[0.9164,42.1272],[0.9185,42.1297],[0.9206,42.1297],[0.9258,42.1371],[0.9296,42.1388],[0.934,42.1384],[0.9366,42.1417],[0.9501,42.1456],[0.9561,42.1445],[0.953,42.138],[0.9354,42.1287],[0.9344,42.1267],[0.9306,42.1262],[0.9312,42.1238],[0.9419,42.1277],[0.9469,42.1261],[0.9582,42.1312],[0.9701,42.131],[0.9746,42.1274],[0.979,42.1271],[0.9807,42.1255],[0.9811,42.1296],[0.9924,42.1326],[1.0014,42.1405],[1.0084,42.1434],[1.015,42.1427],[1.019,42.1367],[1.0261,42.1364],[1.0293,42.1373],[1.0303,42.1397],[1.0372,42.1451],[1.0389,42.1452],[1.0378,42.1435],[1.04,42.1423],[1.0406,42.1399],[1.045,42.14],[1.0492,42.1437],[1.064,42.1427],[1.0731,42.1465],[1.0781,42.1454],[1.0813,42.1475],[1.0889,42.146],[1.1047,42.1471],[1.108,42.1455],[1.1198,42.151],[1.1264,42.1507],[1.1286,42.1491],[1.1394,42.1517],[1.1407,42.1436],[1.1392,42.1395],[1.1426,42.1372],[1.1443,42.1331],[1.1417,42.1298],[1.1435,42.1246],[1.1392,42.1225],[1.1357,42.1111],[1.133,42.1102],[1.1299,42.1053],[1.1295,42.0993],[1.1241,42.0979],[1.1221,42.0918],[1.119,42.0881],[1.1098,42.0851],[1.1078,42.0803],[1.1009,42.0732],[1.1011,42.0668],[1.0995,42.0659],[1.0985,42.0619],[1.0958,42.0606],[1.0927,42.0557],[1.0782,42.0498],[1.0767,42.0457],[1.0681,42.0443],[1.0665,42.0427],[1.0632,42.0438],[1.0524,42.04],[1.0493,42.0367],[1.0449,42.037],[1.0443,42.0391],[1.0404,42.0406],[1.0253,42.0387],[1.0264,42.0363],[1.033,42.0344],[1.0358,42.0316],[1.0353,42.0296],[1.0387,42.028],[1.0404,42.024],[1.0394,42.0212],[1.0311,42.0249],[1.0252,42.023],[1.0152,42.0229],[1.0093,42.0206],[1.005,42.0227],[1.0004,42.0212],[0.9801,42.0217],[0.9655,42.0199],[0.953,42.0213],[0.9491,42.024],[0.9394,42.0222],[0.9193,42.0223],[0.9164,42.0259],[0.9065,42.0297],[0.8996,42.0352],[0.8971,42.0338],[0.8836,42.0414],[0.875,42.0375],[0.8639,42.0364],[0.8508,42.0366],[0.8347,42.0403],[0.8277,42.0393],[0.8126,42.0414],[0.8045,42.0408],[0.8012,42.0416],[0.8006,42.0432],[0.7941,42.0414],[0.7621,42.0404],[0.7456,42.0466],[0.7465,42.0494],[0.7426,42.053],[0.7361,42.0529]]]},"properties":{"zhr":"12","ha":33713,"danger":0,"exposure":3,"nfr40":2694,"nfr60":4041}},{"type":"Feature","geometry":{"type":"Polygon","coordinates":[[[2.7398,42.1024],[2.7377,42.0971],[2.729,42.1001],[2.7259,42.0988],[2.7273,42.0967],[2.7351,42.0932],[2.7471,42.0929],[2.7576,42.0892],[2.7597,42.0915],[2.7624,42.0915],[2.7626,42.0879],[2.768,42.089],[2.7743,42.0853],[2.775,42.0808],[2.7817,42.0736],[2.7844,42.0732],[2.7877,42.07],[2.7848,42.066],[2.7864,42.0651],[2.7953,42.0675],[2.8014,42.0632],[2.796,42.0612],[2.7933,42.0584],[2.7797,42.0555],[2.7846,42.0502],[2.7927,42.0519],[2.8004,42.0503],[2.8063,42.0527],[2.8107,42.0519],[2.8123,42.0535],[2.8142,42.0513],[2.8142,42.0488],[2.8092,42.0452],[2.8148,42.0435],[2.8187,42.0284],[2.8149,42.0169],[2.8099,42.0079],[2.8114,42.0021],[2.8038,42.0037],[2.8038,42.0],[2.8005,41.9992],[2.7962,42.0045],[2.7961,42.0065],[2.7891,42.0089],[2.7853,42.013],[2.7825,42.0134],[2.7814,42.0219],[2.7782,42.0231],[2.7776,42.0263],[2.7738,42.0259],[2.7727,42.0275],[2.7678,42.0263],[2.7624,42.0336],[2.7575,42.0299],[2.7553,42.0303],[2.7542,42.0336],[2.7509,42.034],[2.746,42.0429],[2.7433,42.0449],[2.7346,42.0433],[2.7324,42.0372],[2.7352,42.0356],[2.7357,42.0319],[2.7406,42.0287],[2.7406,42.0267],[2.7428,42.025],[2.7445,42.0214],[2.7439,42.0137],[2.7483,42.0125],[2.7543,42.0048],[2.7641,42.0012],[2.7668,41.9955],[2.7707,41.9935],[2.7707,41.9906],[2.769,41.9902],[2.7696,41.9886],[2.7674,41.9854],[2.7691,41.9842],[2.7674,41.9825],[2.7702,41.9805],[2.768,41.9781],[2.7691,41.9736],[2.7637,41.9724],[2.7637,41.9683],[2.7583,41.9667],[2.755,41.9606],[2.7485,41.9602],[2.7463,41.9582],[2.7469,41.9561],[2.7415,41.9541],[2.7388,41.9496],[2.7344,41.95],[2.7312,41.9468],[2.7247,41.9472],[2.7225,41.9488],[2.7165,41.948],[2.7089,41.9516],[2.7046,41.9496],[2.6986,41.9508],[2.6975,41.9536],[2.6904,41.9544],[2.6899,41.9564],[2.6855,41.9576],[2.6856,41.9487],[2.6812,41.9475],[2.6807,41.9414],[2.6775,41.9406],[2.6742,41.9438],[2.672,41.9438],[2.671,41.9369],[2.6645,41.934],[2.6634,41.9304],[2.658,41.9284],[2.6575,41.9263],[2.6526,41.9227],[2.6499,41.9227],[2.645,41.9182],[2.6385,41.9165],[2.6244,41.9222],[2.6157,41.9225],[2.6184,41.9262],[2.6178,41.9303],[2.6162,41.9343],[2.6096,41.9387],[2.608,41.9424],[2.596,41.95],[2.5911,41.9496],[2.5862,41.9532],[2.5786,41.9552],[2.5731,41.9597],[2.5687,41.967],[2.5687,41.9698],[2.579,41.9763],[2.5795,41.9828],[2.5816,41.9861],[2.5811,41.9909],[2.5789,41.9917],[2.5783,41.9946],[2.581,41.9966],[2.5815,42.0023],[2.5722,42.0087],[2.5652,42.0087],[2.5625,42.0067],[2.5592,42.0111],[2.5554,42.0107],[2.5516,42.0135],[2.5445,42.0143],[2.5439,42.0179],[2.5357,42.0215],[2.5357,42.0256],[2.5226,42.0337],[2.522,42.0365],[2.5138,42.0421],[2.5111,42.0478],[2.5073,42.0498],[2.5002,42.0498],[2.4958,42.0607],[2.4903,42.0643],[2.4827,42.0651],[2.4782,42.0748],[2.4755,42.076],[2.4814,42.0862],[2.477,42.089],[2.4786,42.0959],[2.4753,42.0979],[2.4715,42.1052],[2.4779,42.1113],[2.4823,42.1121],[2.4882,42.1194],[2.4926,42.1207],[2.492,42.1259],[2.4848,42.136],[2.493,42.1349],[2.4979,42.1365],[2.5017,42.1341],[2.5071,42.1345],[2.5181,42.1301],[2.5273,42.1326],[2.5349,42.1322],[2.5415,42.1294],[2.5442,42.1249],[2.5475,42.1249],[2.5508,42.1225],[2.5557,42.1258],[2.5731,42.125],[2.5824,42.1133],[2.5906,42.1146],[2.5982,42.1122],[2.6037,42.113],[2.608,42.1073],[2.6179,42.1057],[2.619,42.1037],[2.6277,42.1009],[2.6337,42.0932],[2.631,42.0908],[2.6327,42.0872],[2.643,42.0876],[2.649,42.0848],[2.6708,42.0856],[2.6789,42.0845],[2.6806,42.0828],[2.686,42.0837],[2.686,42.0853],[2.6909,42.0898],[2.6925,42.0946],[2.6974,42.0975],[2.7011,42.1011],[2.7028,42.1052],[2.7071,42.1072],[2.7114,42.1121],[2.7185,42.1125],[2.7294,42.1073],[2.7327,42.1073],[2.7338,42.104],[2.7398,42.1024]]]},"properties":{"zhr":"30","ha":37295,"danger":2,"exposure":2,"nfr40":752,"nfr60":1128}},{"type":"Feature","geometry":{"type":"Polygon","coordinates":[[[2.7398,42.1024],[2.7338,42.104],[2.7327,42.1073],[2.7294,42.1073],[2.7185,42.1125],[2.7114,42.1121],[2.7071,42.1072],[2.7028,42.1052],[2.7011,42.1011],[2.6974,42.0975],[2.6925,42.0946],[2.6909,42.0898],[2.686,42.0853],[2.686,42.0837],[2.6806,42.0828],[2.6789,42.0845],[2.6708,42.0856],[2.6533,42.0844],[2.6474,42.0852],[2.643,42.0876],[2.6327,42.0872],[2.631,42.0908],[2.6337,42.0932],[2.6277,42.1009],[2.619,42.1037],[2.6179,42.1057],[2.608,42.1073],[2.6037,42.113],[2.5982,42.1122],[2.5906,42.1146],[2.5824,42.1133],[2.5731,42.125],[2.5557,42.1258],[2.5508,42.1225],[2.5475,42.1249],[2.5442,42.1249],[2.5415,42.1294],[2.5349,42.1322],[2.5273,42.1326],[2.5181,42.1301],[2.5071,42.1345],[2.5017,42.1341],[2.4979,42.1365],[2.4914,42.1348],[2.481,42.1372],[2.4723,42.1303],[2.4674,42.1295],[2.4642,42.125],[2.4572,42.1225],[2.4506,42.1233],[2.4484,42.1261],[2.4397,42.1257],[2.4375,42.1241],[2.4256,42.124],[2.4201,42.1284],[2.4168,42.1288],[2.4097,42.134],[2.407,42.1344],[2.4064,42.1361],[2.4216,42.1357],[2.4293,42.1374],[2.4369,42.1354],[2.4396,42.1399],[2.439,42.1419],[2.4406,42.1423],[2.4357,42.1455],[2.4308,42.1463],[2.4292,42.1487],[2.4199,42.1511],[2.4117,42.1499],[2.4068,42.1539],[2.403,42.1543],[2.3996,42.162],[2.3947,42.1676],[2.3887,42.1688],[2.3854,42.1663],[2.3816,42.1659],[2.3772,42.1691],[2.3679,42.1695],[2.3647,42.1715],[2.3543,42.1714],[2.3532,42.1743],[2.3559,42.1779],[2.3536,42.1828],[2.358,42.1865],[2.3563,42.1925],[2.3486,42.1945],[2.3459,42.1969],[2.3464,42.2018],[2.3453,42.2026],[2.3404,42.2026],[2.3343,42.2058],[2.3326,42.2118],[2.3375,42.218],[2.3435,42.2184],[2.3445,42.2208],[2.3417,42.2269],[2.3434,42.2277],[2.3428,42.2305],[2.345,42.2318],[2.3449,42.235],[2.3433,42.2366],[2.3443,42.2415],[2.3514,42.2448],[2.3617,42.2456],[2.3639,42.2485],[2.3688,42.2481],[2.3731,42.2522],[2.3829,42.2531],[2.3862,42.2563],[2.4025,42.2568],[2.4086,42.2552],[2.4178,42.2561],[2.4217,42.2545],[2.4298,42.2553],[2.4413,42.2517],[2.4479,42.2518],[2.4523,42.249],[2.4632,42.2462],[2.4697,42.2458],[2.4769,42.2414],[2.4856,42.239],[2.4878,42.2366],[2.4938,42.2358],[2.4971,42.2313],[2.5059,42.231],[2.5092,42.2237],[2.5201,42.2225],[2.5392,42.225],[2.5419,42.2194],[2.5545,42.2182],[2.5556,42.2198],[2.5606,42.2186],[2.5666,42.2198],[2.582,42.2173],[2.5852,42.2136],[2.5824,42.2091],[2.5845,42.2073],[2.6005,42.2114],[2.5996,42.208],[2.6041,42.2078],[2.6107,42.2107],[2.6241,42.2101],[2.6306,42.2135],[2.6348,42.2105],[2.6452,42.2089],[2.6539,42.2134],[2.6566,42.212],[2.6545,42.209],[2.6598,42.2084],[2.6663,42.2103],[2.6696,42.2038],[2.6932,42.1955],[2.6971,42.1951],[2.7035,42.2005],[2.7102,42.2018],[2.717,42.1977],[2.7311,42.1942],[2.7395,42.1892],[2.7476,42.19],[2.7422,42.1851],[2.7444,42.1843],[2.7455,42.1823],[2.7444,42.1811],[2.7386,42.1797],[2.7287,42.1731],[2.7201,42.1711],[2.7195,42.1693],[2.7386,42.1692],[2.7445,42.1634],[2.7349,42.1599],[2.7363,42.1556],[2.7331,42.1502],[2.7342,42.1478],[2.7331,42.1454],[2.7401,42.1412],[2.741,42.1384],[2.7437,42.1379],[2.7407,42.1365],[2.7435,42.1333],[2.7427,42.1296],[2.7359,42.127],[2.7381,42.1236],[2.7366,42.1206],[2.7323,42.118],[2.7337,42.1143],[2.7413,42.1072],[2.7389,42.1035],[2.7398,42.1024]]]},"properties":{"zhr":"16","ha":36614,"danger":2,"exposure":1,"nfr40":2462,"nfr60":3693}},{"type":"Feature","geometry":{"type":"Polygon","coordinates":[[[0.4371,40.9956],[0.4337,40.9905],[0.4264,40.9898],[0.4081,40.98],[0.4038,40.9793],[0.4035,40.9739],[0.3928,40.9636],[0.3963,40.9587],[0.3956,40.9562],[0.3903,40.9516],[0.392,40.9481],[0.3837,40.9434],[0.3793,40.9453],[0.3693,40.9414],[0.3689,40.9378],[0.3711,40.9358],[0.3649,40.9324],[0.3694,40.9256],[0.3686,40.9195],[0.3644,40.9166],[0.3657,40.9118],[0.3626,40.9081],[0.3682,40.9025],[0.3641,40.8988],[0.3653,40.8947],[0.3637,40.8943],[0.3638,40.8907],[0.3667,40.8863],[0.3599,40.8833],[0.3639,40.8765],[0.3597,40.8735],[0.3588,40.8699],[0.3526,40.864],[0.3394,40.8597],[0.3338,40.8531],[0.3314,40.8469],[0.3251,40.844],[0.3248,40.8387],[0.3286,40.8367],[0.3282,40.8343],[0.3325,40.8332],[0.3311,40.8307],[0.3321,40.8291],[0.3399,40.8354],[0.3428,40.833],[0.3448,40.8223],[0.3491,40.8215],[0.3506,40.8236],[0.3593,40.8249],[0.3637,40.8274],[0.3662,40.819],[0.3599,40.8164],[0.3615,40.814],[0.3563,40.8127],[0.3511,40.8085],[0.3453,40.8071],[0.3438,40.8035],[0.3323,40.7983],[0.3287,40.7938],[0.323,40.7912],[0.319,40.7834],[0.3032,40.7794],[0.2975,40.7744],[0.2805,40.7736],[0.2796,40.7699],[0.2833,40.7708],[0.2824,40.7651],[0.2878,40.7645],[0.2874,40.7612],[0.2896,40.7588],[0.2887,40.756],[0.2903,40.7556],[0.2899,40.7515],[0.2926,40.7504],[0.2854,40.7445],[0.285,40.7413],[0.2804,40.7363],[0.2773,40.7342],[0.272,40.7349],[0.2662,40.7323],[0.2679,40.7287],[0.2653,40.7279],[0.2656,40.7218],[0.261,40.7156],[0.2614,40.7063],[0.2517,40.705],[0.2442,40.6997],[0.2381,40.7003],[0.2356,40.7053],[0.2466,40.7031],[0.2471,40.7043],[0.2386,40.7163],[0.2396,40.7183],[0.2315,40.7202],[0.2279,40.7164],[0.2251,40.724],[0.2265,40.7332],[0.2158,40.7319],[0.2054,40.7264],[0.1973,40.7242],[0.1926,40.7309],[0.1855,40.7263],[0.1697,40.7324],[0.1678,40.7399],[0.1648,40.7408],[0.1638,40.7425],[0.165,40.7437],[0.1605,40.7503],[0.1749,40.7413],[0.1762,40.7442],[0.1746,40.7482],[0.1768,40.7549],[0.1826,40.7534],[0.1849,40.7554],[0.1898,40.7507],[0.1951,40.7548],[0.1963,40.7584],[0.2026,40.7582],[0.2128,40.768],[0.2244,40.7663],[0.2304,40.7681],[0.2313,40.7716],[0.2356,40.7763],[0.234,40.7801],[0.2345,40.7871],[0.2442,40.7921],[0.2499,40.7979],[0.2588,40.8002],[0.264,40.8121],[0.2703,40.8151],[0.2734,40.8197],[0.2799,40.8203],[0.26,40.8388],[0.2557,40.8523],[0.2525,40.8552],[0.253,40.8593],[0.2515,40.8623],[0.2552,40.8732],[0.2544,40.8747],[0.2512,40.8766],[0.2505,40.8793],[0.2453,40.8802],[0.2386,40.8845],[0.2416,40.8869],[0.2458,40.8876],[0.2453,40.8905],[0.25,40.8955],[0.2492,40.9015],[0.253,40.9058],[0.2485,40.9094],[0.2512,40.9122],[0.2543,40.912],[0.2532,40.9188],[0.26,40.928],[0.2665,40.9285],[0.2718,40.9333],[0.274,40.9366],[0.2739,40.9397],[0.2709,40.9446],[0.2744,40.9467],[0.2762,40.9501],[0.281,40.951],[0.2859,40.9603],[0.2846,40.9645],[0.2925,40.9692],[0.2905,40.9728],[0.2915,40.9753],[0.2893,40.9753],[0.2893,40.9765],[0.2909,40.9777],[0.2902,40.9801],[0.2918,40.981],[0.2922,40.9846],[0.2975,40.9852],[0.3014,40.9824],[0.3056,40.9837],[0.3104,40.983],[0.3121,40.9811],[0.3175,40.9808],[0.3206,40.9817],[0.3206,40.9829],[0.3297,40.9827],[0.3332,40.9892],[0.3407,40.989],[0.3451,40.9863],[0.3573,40.9882],[0.3611,40.9891],[0.3598,40.991],[0.367,40.9957],[0.3738,40.997],[0.3762,40.9995],[0.3888,41.0021],[0.3903,41.0067],[0.4007,41.0046],[0.4015,41.0065],[0.4062,41.007],[0.4054,41.0093],[0.4094,41.0069],[0.4128,41.009],[0.413,41.011],[0.4177,41.0102],[0.4191,41.0076],[0.4243,41.0054],[0.4246,41.0027],[0.4276,41.0015],[0.4298,40.9982],[0.4371,40.9956]]]},"properties":{"zhr":"70","ha":25048,"danger":3,"exposure":3,"nfr40":147,"nfr60":221}},{"type":"Feature","geometry":{"type":"Polygon","coordinates":[[[0.6053,41.1727],[0.6105,41.1673],[0.612,41.1594],[0.6218,41.1568],[0.6388,41.1476],[0.6433,41.1444],[0.6471,41.1389],[0.6459,41.134],[0.6362,41.1246],[0.6343,41.1159],[0.6374,41.1048],[0.6413,41.101],[0.6424,41.0937],[0.658,41.0785],[0.6586,41.0729],[0.657,41.0678],[0.6607,41.0604],[0.6522,41.0515],[0.6439,41.0503],[0.6327,41.0511],[0.6219,41.0543],[0.6187,41.0535],[0.6132,41.0458],[0.6164,41.0362],[0.6153,41.0332],[0.6057,41.0325],[0.6,41.0361],[0.5973,41.036],[0.5904,41.0295],[0.5786,41.0032],[0.5721,41.0023],[0.5637,41.0073],[0.5543,40.9997],[0.5333,40.9914],[0.5256,40.9831],[0.512,40.9723],[0.5114,40.9605],[0.506,40.9662],[0.5005,40.9679],[0.4969,40.9796],[0.4927,40.9782],[0.4865,40.9822],[0.4782,40.9815],[0.4778,40.9877],[0.4745,40.9896],[0.467,40.9878],[0.4713,40.9934],[0.462,40.9982],[0.4606,41.0029],[0.4552,41.0004],[0.4519,41.0008],[0.4473,40.9978],[0.4461,40.9945],[0.4416,40.9939],[0.4301,40.998],[0.4276,41.0015],[0.4246,41.0027],[0.4243,41.0054],[0.4191,41.0076],[0.4173,41.0104],[0.4128,41.0109],[0.4125,41.0086],[0.4089,41.0068],[0.4054,41.0093],[0.4062,41.007],[0.4015,41.0065],[0.4007,41.0046],[0.3922,41.0063],[0.3924,41.0136],[0.3969,41.0145],[0.3984,41.0165],[0.3978,41.0187],[0.4017,41.0211],[0.3998,41.0231],[0.401,41.0272],[0.4001,41.032],[0.4137,41.0447],[0.4247,41.0493],[0.4268,41.0547],[0.4264,41.0584],[0.4444,41.068],[0.4536,41.0709],[0.4612,41.0699],[0.4825,41.0765],[0.4917,41.0833],[0.4936,41.0819],[0.5003,41.083],[0.5055,41.0859],[0.5111,41.0845],[0.5205,41.0951],[0.5296,41.0969],[0.5314,41.1001],[0.5346,41.1015],[0.5312,41.1055],[0.5311,41.109],[0.5348,41.1106],[0.5344,41.1131],[0.5385,41.1223],[0.5425,41.1261],[0.5492,41.1285],[0.5571,41.137],[0.5572,41.1397],[0.5604,41.1417],[0.5609,41.1468],[0.5633,41.1475],[0.5643,41.1502],[0.5658,41.1631],[0.5673,41.1647],[0.5741,41.1644],[0.584,41.1695],[0.5868,41.1724],[0.6053,41.1727]]]},"properties":{"zhr":"57","ha":23795,"danger":2,"exposure":4,"nfr40":251,"nfr60":377}},{"type":"Feature","geometry":{"type":"Polygon","coordinates":[[[0.4602,41.003],[0.462,40.9982],[0.4713,40.9934],[0.467,40.9878],[0.4745,40.9896],[0.4778,40.9877],[0.4782,40.9815],[0.4865,40.9822],[0.4927,40.9782],[0.4958,40.9798],[0.4969,40.9796],[0.5005,40.9679],[0.506,40.9662],[0.5114,40.9601],[0.5068,40.9574],[0.4856,40.9544],[0.4845,40.9518],[0.4905,40.9457],[0.4906,40.9407],[0.4867,40.9331],[0.4868,40.9303],[0.4811,40.9249],[0.4779,40.9248],[0.4711,40.9206],[0.4572,40.9219],[0.4434,40.9184],[0.4466,40.916],[0.4444,40.913],[0.4463,40.9121],[0.4452,40.9075],[0.4469,40.907],[0.4446,40.9046],[0.4456,40.8979],[0.4435,40.8933],[0.4395,40.8888],[0.4324,40.8854],[0.4279,40.8767],[0.4153,40.8728],[0.4173,40.8658],[0.4203,40.8627],[0.4203,40.857],[0.4176,40.8546],[0.4236,40.8511],[0.4238,40.847],[0.4152,40.8389],[0.4143,40.835],[0.4082,40.8345],[0.4069,40.8264],[0.4053,40.8252],[0.4065,40.8228],[0.396,40.8205],[0.4031,40.8153],[0.398,40.8132],[0.3984,40.8103],[0.3944,40.8096],[0.3992,40.8073],[0.3959,40.8049],[0.397,40.7986],[0.391,40.7937],[0.392,40.7916],[0.3937,40.7917],[0.399,40.7942],[0.4,40.7888],[0.3991,40.786],[0.395,40.7832],[0.3975,40.7803],[0.3956,40.7766],[0.4012,40.7714],[0.3969,40.7733],[0.394,40.7677],[0.3948,40.7654],[0.3929,40.7628],[0.3942,40.7571],[0.3879,40.7606],[0.3745,40.7548],[0.3755,40.752],[0.3737,40.7494],[0.3691,40.7449],[0.3638,40.7427],[0.3647,40.7386],[0.3634,40.7338],[0.3607,40.7372],[0.3555,40.7319],[0.3589,40.7289],[0.3576,40.7247],[0.3542,40.7291],[0.3505,40.7294],[0.3501,40.727],[0.3376,40.7202],[0.3362,40.7145],[0.3399,40.7071],[0.3398,40.7024],[0.3371,40.6989],[0.3342,40.6988],[0.3308,40.6936],[0.3258,40.6937],[0.3271,40.6892],[0.3245,40.6879],[0.3256,40.6863],[0.3235,40.6842],[0.3182,40.6853],[0.3145,40.684],[0.3127,40.6805],[0.3163,40.6786],[0.3154,40.6757],[0.3129,40.6755],[0.3126,40.6728],[0.304,40.6706],[0.2937,40.6714],[0.2923,40.667],[0.2894,40.6645],[0.286,40.6648],[0.2836,40.667],[0.2802,40.6638],[0.2803,40.6605],[0.27,40.6534],[0.2684,40.6601],[0.2753,40.6709],[0.2818,40.6723],[0.2924,40.6854],[0.2915,40.6886],[0.2779,40.6935],[0.2706,40.7025],[0.2608,40.7063],[0.261,40.7156],[0.2656,40.7218],[0.2653,40.7279],[0.2679,40.7287],[0.2662,40.7323],[0.272,40.7349],[0.2773,40.7342],[0.2804,40.7363],[0.285,40.7413],[0.2854,40.7445],[0.2926,40.7504],[0.2899,40.7515],[0.2903,40.7556],[0.2887,40.756],[0.2896,40.7588],[0.2874,40.7612],[0.2878,40.7645],[0.2824,40.7651],[0.2833,40.7708],[0.2796,40.7699],[0.2795,40.7724],[0.2826,40.7745],[0.2863,40.7746],[0.2864,40.7733],[0.2975,40.7744],[0.3032,40.7794],[0.319,40.7834],[0.323,40.7912],[0.3287,40.7938],[0.3323,40.7983],[0.3438,40.8035],[0.3453,40.8071],[0.3511,40.8085],[0.3563,40.8127],[0.3615,40.814],[0.3599,40.8164],[0.3662,40.819],[0.3637,40.8274],[0.3593,40.8249],[0.3506,40.8236],[0.3491,40.8215],[0.3452,40.8221],[0.3428,40.833],[0.3394,40.8354],[0.3321,40.8291],[0.3311,40.8307],[0.3325,40.8332],[0.3282,40.8343],[0.3286,40.8367],[0.3248,40.8395],[0.3251,40.844],[0.3314,40.8469],[0.3338,40.8531],[0.3394,40.8597],[0.3526,40.864],[0.3588,40.8699],[0.3597,40.8735],[0.3639,40.8765],[0.3599,40.8833],[0.3667,40.8863],[0.3638,40.8907],[0.3637,40.8943],[0.3653,40.8947],[0.3641,40.8988],[0.3682,40.9025],[0.3626,40.9081],[0.3657,40.9118],[0.3644,40.9166],[0.3686,40.9195],[0.3694,40.9256],[0.3649,40.9324],[0.3711,40.9358],[0.3689,40.9378],[0.3688,40.9406],[0.3793,40.9453],[0.3826,40.9434],[0.3863,40.9443],[0.3924,40.9484],[0.3903,40.9516],[0.3956,40.9562],[0.3963,40.9587],[0.3928,40.9636],[0.4035,40.9739],[0.4038,40.9793],[0.4081,40.98],[0.4264,40.9898],[0.4337,40.9905],[0.4371,40.9956],[0.4454,40.9942],[0.4473,40.9978],[0.4519,41.0008],[0.4552,41.0004],[0.4602,41.003]]]},"properties":{"zhr":"71","ha":23794,"danger":2,"exposure":3,"nfr40":81,"nfr60":121}},{"type":"Feature","geometry":{"type":"MultiPolygon","coordinates":[[[[0.4964,40.6796],[0.5022,40.6778],[0.5032,40.6762],[0.498,40.6728],[0.5006,40.6724],[0.5015,40.6706],[0.4961,40.6627],[0.4969,40.66],[0.4944,40.6543],[0.4952,40.653],[0.4991,40.6567],[0.503,40.6555],[0.4938,40.6422],[0.4909,40.6414],[0.4902,40.6434],[0.4766,40.6301],[0.4685,40.6285],[0.4602,40.6224],[0.4589,40.6189],[0.4552,40.6153],[0.4515,40.6148],[0.451,40.6178],[0.4431,40.6151],[0.4333,40.6071],[0.4193,40.6089],[0.409,40.6026],[0.406,40.6055],[0.416,40.616],[0.4184,40.6218],[0.4325,40.6302],[0.4361,40.63],[0.437,40.6317],[0.4347,40.6337],[0.4401,40.634],[0.4449,40.6324],[0.4459,40.6337],[0.4494,40.6316],[0.4518,40.6385],[0.4549,40.641],[0.4537,40.6423],[0.4618,40.6448],[0.4644,40.6476],[0.4694,40.6456],[0.4659,40.6505],[0.4592,40.6501],[0.4543,40.6533],[0.4604,40.6568],[0.4656,40.6568],[0.4647,40.6548],[0.4677,40.6527],[0.471,40.6538],[0.4712,40.6563],[0.4675,40.6596],[0.4707,40.6633],[0.4697,40.6663],[0.4769,40.6729],[0.4795,40.6746],[0.484,40.6746],[0.4858,40.6718],[0.488,40.6721],[0.4898,40.6744],[0.4885,40.676],[0.4958,40.6762],[0.4964,40.6796]]],[[[0.5603,40.6827],[0.5558,40.6788],[0.5533,40.6788],[0.5527,40.6775],[0.5545,40.676],[0.5524,40.6742],[0.5533,40.6713],[0.559,40.6683],[0.5655,40.6591],[0.5664,40.6565],[0.5652,40.6545],[0.5713,40.6528],[0.5758,40.6645],[0.5791,40.6681],[0.5799,40.6593],[0.5846,40.6596],[0.5844,40.6555],[0.5823,40.6539],[0.576,40.6529],[0.5724,40.6504],[0.5715,40.6451],[0.5667,40.6454],[0.5625,40.6437],[0.5649,40.6361],[0.5693,40.6317],[0.5794,40.6311],[0.5806,40.6299],[0.5906,40.6309],[0.5997,40.6299],[0.6062,40.6256],[0.6068,40.6236],[0.5995,40.6222],[0.6031,40.6193],[0.5983,40.62],[0.6026,40.6164],[0.6039,40.6166],[0.6036,40.619],[0.6047,40.6168],[0.6083,40.6165],[0.6023,40.616],[0.5989,40.6138],[0.6014,40.6162],[0.6,40.6177],[0.5979,40.6167],[0.5997,40.6182],[0.5985,40.6191],[0.5978,40.6175],[0.5935,40.6164],[0.5966,40.6161],[0.5953,40.6146],[0.6046,40.6086],[0.595,40.6143],[0.5904,40.6129],[0.5807,40.6028],[0.5476,40.5743],[0.5498,40.5719],[0.5519,40.5731],[0.5501,40.5715],[0.5517,40.57],[0.5563,40.5713],[0.5514,40.5695],[0.5481,40.573],[0.5418,40.5696],[0.5429,40.5683],[0.5416,40.5694],[0.5396,40.5679],[0.5354,40.5613],[0.532,40.5532],[0.5329,40.5525],[0.5305,40.5516],[0.5343,40.5518],[0.5304,40.5513],[0.525,40.5458],[0.5022,40.549],[0.4922,40.5519],[0.4884,40.5545],[0.4758,40.5548],[0.4742,40.5583],[0.4656,40.5628],[0.4658,40.5651],[0.4632,40.568],[0.4669,40.571],[0.4692,40.5709],[0.4713,40.5758],[0.4796,40.5817],[0.4951,40.6058],[0.5059,40.608],[0.5099,40.6072],[0.5104,40.6121],[0.5001,40.616],[0.4992,40.6192],[0.5035,40.6279],[0.5067,40.6314],[0.5131,40.6322],[0.5115,40.6344],[0.5126,40.6354],[0.5152,40.6353],[0.5151,40.6367],[0.5166,40.637],[0.5192,40.6357],[0.5207,40.6365],[0.5195,40.6384],[0.5233,40.6388],[0.5213,40.6409],[0.5236,40.6424],[0.5227,40.644],[0.5276,40.6456],[0.5246,40.6472],[0.5264,40.6477],[0.5255,40.6495],[0.5301,40.6503],[0.528,40.652],[0.5326,40.6556],[0.5342,40.6551],[0.535,40.6581],[0.5378,40.6582],[0.5364,40.6595],[0.5417,40.6652],[0.5482,40.6648],[0.5523,40.6616],[0.5531,40.6628],[0.5498,40.6666],[0.5472,40.6768],[0.5495,40.6832],[0.5595,40.6891],[0.5586,40.6847],[0.5603,40.6827]]]]},"properties":{"zhr":"76","ha":9801,"danger":1,"exposure":3,"nfr40":182,"nfr60":273}},{"type":"Feature","geometry":{"type":"Polygon","coordinates":[[[0.4868,40.9307],[0.5,40.9141],[0.5086,40.9082],[0.5093,40.9012],[0.504,40.9003],[0.5019,40.8974],[0.4971,40.8989],[0.4924,40.8957],[0.506,40.8859],[0.5093,40.8635],[0.5187,40.849],[0.5243,40.8462],[0.5174,40.8264],[0.5227,40.8119],[0.524,40.7889],[0.5457,40.7621],[0.5646,40.7524],[0.5702,40.7432],[0.5739,40.7283],[0.5874,40.7338],[0.5892,40.7286],[0.5919,40.7278],[0.5904,40.725],[0.5916,40.7213],[0.5971,40.7178],[0.6008,40.7179],[0.6076,40.7213],[0.6109,40.7185],[0.6135,40.7194],[0.6141,40.7178],[0.6221,40.7195],[0.6188,40.7207],[0.6171,40.7235],[0.6174,40.7308],[0.6088,40.7339],[0.6092,40.7359],[0.606,40.7379],[0.6058,40.7427],[0.6073,40.7448],[0.6056,40.7464],[0.6049,40.7516],[0.6021,40.7548],[0.6052,40.7589],[0.6061,40.7642],[0.6087,40.7655],[0.6097,40.7679],[0.6106,40.7732],[0.6072,40.7776],[0.6103,40.7797],[0.6102,40.7821],[0.6128,40.7846],[0.6095,40.7874],[0.6109,40.7931],[0.6075,40.7983],[0.6085,40.8011],[0.6063,40.8023],[0.6062,40.806],[0.6082,40.8084],[0.6098,40.8077],[0.6099,40.8052],[0.6163,40.8074],[0.6195,40.805],[0.6212,40.8022],[0.6209,40.7965],[0.6248,40.7917],[0.6324,40.7883],[0.6404,40.7876],[0.6406,40.7836],[0.6506,40.7724],[0.6512,40.77],[0.6594,40.7649],[0.6579,40.7612],[0.6633,40.7581],[0.6629,40.7556],[0.6695,40.7505],[0.6753,40.7518],[0.6762,40.7567],[0.6917,40.7558],[0.6969,40.7588],[0.6964,40.7721],[0.6835,40.7771],[0.6838,40.782],[0.6702,40.7898],[0.664,40.7998],[0.6525,40.8077],[0.6513,40.8134],[0.6467,40.821],[0.6477,40.8242],[0.6526,40.8203],[0.6731,40.815],[0.6775,40.8115],[0.6876,40.8109],[0.6947,40.8069],[0.7041,40.8063],[0.6998,40.8036],[0.6998,40.8013],[0.706,40.79],[0.7174,40.7793],[0.7233,40.7765],[0.7292,40.7699],[0.7371,40.7665],[0.7632,40.7621],[0.7681,40.7637],[0.7693,40.7628],[0.7776,40.7673],[0.7828,40.768],[0.7851,40.7701],[0.7836,40.7723],[0.7745,40.7776],[0.7597,40.7814],[0.7515,40.7866],[0.7457,40.7879],[0.7425,40.7864],[0.7416,40.7881],[0.7351,40.7886],[0.7392,40.7921],[0.7588,40.7932],[0.7723,40.7899],[0.7811,40.7835],[0.7976,40.7636],[0.8175,40.7443],[0.8324,40.7324],[0.8426,40.7303],[0.863,40.7355],[0.868,40.7317],[0.8714,40.7314],[0.8719,40.7352],[0.8739,40.735],[0.879,40.7275],[0.8814,40.7199],[0.8806,40.7135],[0.8758,40.7031],[0.8687,40.6931],[0.8506,40.6798],[0.8333,40.6717],[0.781,40.6534],[0.7553,40.6403],[0.729,40.6115],[0.7025,40.579],[0.6895,40.5685],[0.6642,40.5581],[0.6486,40.5546],[0.6309,40.5527],[0.6222,40.5531],[0.6062,40.5593],[0.597,40.5699],[0.5948,40.5777],[0.6021,40.5756],[0.6066,40.5781],[0.6109,40.5749],[0.6162,40.5751],[0.6174,40.5776],[0.6162,40.579],[0.6166,40.5868],[0.6265,40.5825],[0.6344,40.5821],[0.6543,40.5867],[0.6599,40.5916],[0.6726,40.5929],[0.6855,40.5897],[0.6875,40.591],[0.6889,40.6022],[0.6888,40.5909],[0.6917,40.5888],[0.6987,40.5887],[0.7126,40.5931],[0.7361,40.622],[0.7432,40.6331],[0.7443,40.6371],[0.7333,40.6397],[0.6973,40.6374],[0.6792,40.6334],[0.6713,40.6295],[0.6507,40.6242],[0.6227,40.6222],[0.6081,40.6234],[0.6079,40.6173],[0.6068,40.6252],[0.5997,40.6299],[0.5709,40.6313],[0.5649,40.6361],[0.5625,40.6437],[0.5667,40.6454],[0.5715,40.6451],[0.5724,40.6504],[0.576,40.6529],[0.5823,40.6539],[0.5844,40.6555],[0.5846,40.6596],[0.5799,40.6593],[0.5791,40.6681],[0.5758,40.6645],[0.5713,40.6528],[0.5652,40.6545],[0.5664,40.6565],[0.5655,40.6591],[0.559,40.6683],[0.5533,40.6713],[0.5524,40.6742],[0.5545,40.676],[0.5527,40.6775],[0.5533,40.6788],[0.5558,40.6788],[0.5603,40.6827],[0.5586,40.6847],[0.5587,40.6891],[0.5495,40.6832],[0.5472,40.6768],[0.5498,40.6666],[0.5531,40.6628],[0.5523,40.6616],[0.5482,40.6648],[0.5417,40.6652],[0.5364,40.6595],[0.5378,40.6582],[0.535,40.6581],[0.5342,40.6551],[0.5326,40.6556],[0.528,40.652],[0.5301,40.6503],[0.5255,40.6495],[0.5264,40.6477],[0.5246,40.6472],[0.5276,40.6456],[0.5227,40.644],[0.5236,40.6424],[0.5213,40.6409],[0.5233,40.6388],[0.5195,40.6384],[0.5207,40.6365],[0.5192,40.6357],[0.5166,40.637],[0.5151,40.6367],[0.5152,40.6353],[0.5126,40.6354],[0.5115,40.6344],[0.5131,40.6322],[0.5067,40.6314],[0.5035,40.6279],[0.4992,40.6192],[0.5001,40.616],[0.5104,40.6121],[0.5099,40.6072],[0.5059,40.608],[0.4951,40.6058],[0.4796,40.5817],[0.4713,40.5758],[0.4692,40.5709],[0.4669,40.571],[0.4632,40.568],[0.4658,40.5651],[0.4656,40.5628],[0.4742,40.5583],[0.4758,40.5548],[0.4884,40.5545],[0.4922,40.5519],[0.5022,40.549],[0.525,40.5458],[0.522,40.5419],[0.5221,40.5392],[0.5146,40.5232],[0.4978,40.5278],[0.4872,40.5291],[0.4537,40.5418],[0.4481,40.5422],[0.4456,40.545],[0.4384,40.5469],[0.436,40.5495],[0.4365,40.5579],[0.4343,40.566],[0.4379,40.571],[0.4366,40.5726],[0.4435,40.5786],[0.4316,40.5796],[0.4205,40.5858],[0.405,40.5954],[0.4054,40.5989],[0.4033,40.6015],[0.3928,40.6033],[0.3873,40.6061],[0.3711,40.6052],[0.36,40.6058],[0.3511,40.6083],[0.3425,40.6073],[0.3375,40.6083],[0.3144,40.6144],[0.2982,40.6247],[0.2917,40.6232],[0.281,40.628],[0.2769,40.6329],[0.2764,40.6362],[0.2709,40.6383],[0.266,40.6448],[0.2698,40.6478],[0.271,40.655],[0.2803,40.6605],[0.2802,40.6638],[0.2836,40.667],[0.286,40.6648],[0.2894,40.6645],[0.2923,40.667],[0.2937,40.6714],[0.304,40.6706],[0.3126,40.6728],[0.3129,40.6755],[0.3154,40.6757],[0.3163,40.6786],[0.3127,40.6805],[0.3145,40.684],[0.3182,40.6853],[0.3235,40.6842],[0.3256,40.6863],[0.3245,40.6879],[0.3271,40.6892],[0.3258,40.6937],[0.3308,40.6936],[0.3342,40.6988],[0.3371,40.6989],[0.3398,40.7024],[0.3399,40.7071],[0.3362,40.7145],[0.3376,40.7202],[0.3501,40.727],[0.3505,40.7294],[0.3542,40.7291],[0.3576,40.7247],[0.3589,40.7289],[0.3555,40.7319],[0.3607,40.7372],[0.3634,40.7338],[0.3647,40.7386],[0.3638,40.7427],[0.3691,40.7449],[0.3737,40.7494],[0.3755,40.752],[0.3745,40.7548],[0.3879,40.7606],[0.3942,40.7571],[0.3929,40.7628],[0.3948,40.7654],[0.394,40.7677],[0.3969,40.7733],[0.4012,40.7714],[0.3956,40.7766],[0.3975,40.7803],[0.395,40.7832],[0.3991,40.786],[0.4,40.7888],[0.399,40.7942],[0.3937,40.7917],[0.392,40.7916],[0.391,40.7937],[0.397,40.7986],[0.3959,40.8049],[0.3992,40.8073],[0.3944,40.8096],[0.3984,40.8103],[0.398,40.8132],[0.4031,40.8153],[0.396,40.8205],[0.4065,40.8228],[0.4053,40.8252],[0.4069,40.8264],[0.4082,40.8345],[0.4143,40.835],[0.4152,40.8389],[0.4238,40.847],[0.4236,40.8511],[0.4176,40.8546],[0.4203,40.857],[0.4203,40.8627],[0.4173,40.8658],[0.4153,40.8728],[0.4279,40.8767],[0.4324,40.8854],[0.4395,40.8888],[0.4435,40.8933],[0.4456,40.8979],[0.4446,40.9046],[0.4469,40.907],[0.4452,40.9075],[0.4463,40.9121],[0.4444,40.913],[0.4466,40.916],[0.4434,40.9184],[0.4572,40.9219],[0.4711,40.9206],[0.4779,40.9248],[0.4811,40.9249],[0.4868,40.9307]],[[0.497,40.6796],[0.4958,40.6762],[0.4885,40.676],[0.4898,40.6744],[0.488,40.6721],[0.4858,40.6718],[0.484,40.6746],[0.4795,40.6746],[0.4769,40.6729],[0.4697,40.6663],[0.4707,40.6633],[0.4675,40.6596],[0.4712,40.6563],[0.471,40.6538],[0.4677,40.6527],[0.4647,40.6548],[0.4656,40.6568],[0.4604,40.6568],[0.4543,40.6533],[0.4592,40.6501],[0.4659,40.6505],[0.4694,40.6456],[0.4644,40.6476],[0.4618,40.6448],[0.4537,40.6423],[0.4549,40.641],[0.4518,40.6385],[0.4494,40.6316],[0.4459,40.6337],[0.4449,40.6324],[0.4401,40.634],[0.4347,40.6337],[0.437,40.6317],[0.4361,40.63],[0.4325,40.6302],[0.4184,40.6218],[0.416,40.616],[0.406,40.6055],[0.409,40.6026],[0.4193,40.6089],[0.4333,40.6071],[0.4431,40.6151],[0.451,40.6178],[0.4515,40.6148],[0.4552,40.6153],[0.4589,40.6189],[0.4602,40.6224],[0.4685,40.6285],[0.4766,40.6301],[0.4902,40.6434],[0.4909,40.6414],[0.4938,40.6422],[0.5019,40.6523],[0.503,40.6559],[0.4991,40.6567],[0.4952,40.653],[0.4944,40.6543],[0.4969,40.66],[0.4961,40.6627],[0.5015,40.6706],[0.5006,40.6724],[0.498,40.6728],[0.5032,40.6762],[0.497,40.6796]]]},"properties":{"zhr":"72","ha":87065,"danger":2,"exposure":1,"nfr40":2358,"nfr60":3536}},{"type":"Feature","geometry":{"type":"Polygon","coordinates":[[[1.2352,41.1639],[1.247,41.1644],[1.248,41.1681],[1.2538,41.1702],[1.2584,41.1792],[1.269,41.1855],[1.2771,41.1835],[1.2788,41.1803],[1.2809,41.18],[1.2825,41.1812],[1.2824,41.1857],[1.2872,41.1869],[1.286,41.191],[1.2923,41.1967],[1.2955,41.1972],[1.2914,41.2101],[1.294,41.2118],[1.2923,41.2162],[1.2954,41.2203],[1.2903,41.2312],[1.293,41.232],[1.2918,41.2365],[1.2939,41.2369],[1.2944,41.241],[1.2969,41.2446],[1.3029,41.2435],[1.3034,41.246],[1.3097,41.2493],[1.3102,41.2517],[1.3129,41.251],[1.3139,41.2534],[1.3267,41.258],[1.3304,41.2585],[1.3343,41.2549],[1.338,41.255],[1.3397,41.2534],[1.3428,41.2575],[1.3445,41.2559],[1.3493,41.2568],[1.352,41.2556],[1.3573,41.2593],[1.3584,41.2578],[1.3569,41.2533],[1.3473,41.2412],[1.351,41.2396],[1.3487,41.2359],[1.3482,41.2292],[1.3533,41.2246],[1.3531,41.2231],[1.3522,41.221],[1.3472,41.2225],[1.3457,41.219],[1.3431,41.219],[1.3431,41.2148],[1.3403,41.2148],[1.3387,41.2116],[1.3399,41.2097],[1.3422,41.2097],[1.3414,41.2075],[1.3367,41.2063],[1.3355,41.204],[1.3274,41.1983],[1.3325,41.1916],[1.3341,41.1836],[1.3278,41.1782],[1.328,41.1763],[1.3344,41.1718],[1.3413,41.1724],[1.3393,41.1688],[1.3403,41.1669],[1.3508,41.169],[1.3597,41.1592],[1.3647,41.1581],[1.3665,41.1539],[1.3613,41.1386],[1.3636,41.1354],[1.3637,41.1309],[1.3569,41.128],[1.3458,41.1276],[1.3436,41.1263],[1.344,41.1249],[1.3367,41.1287],[1.3046,41.1278],[1.2931,41.1256],[1.2765,41.1192],[1.2705,41.1133],[1.2663,41.1124],[1.2649,41.1142],[1.2623,41.1143],[1.2544,41.1111],[1.2447,41.1018],[1.2355,41.0991],[1.2265,41.0874],[1.2207,41.0835],[1.2266,41.089],[1.2235,41.0905],[1.2291,41.096],[1.2306,41.0954],[1.2327,41.0996],[1.2453,41.1045],[1.2448,41.1066],[1.2475,41.106],[1.249,41.1086],[1.2429,41.1099],[1.2387,41.1077],[1.2415,41.1053],[1.2368,41.1067],[1.2368,41.1174],[1.2315,41.1259],[1.2335,41.1386],[1.237,41.1454],[1.2322,41.1565],[1.2356,41.1604],[1.2352,41.1639]]]},"properties":{"zhr":"63","ha":9877,"danger":0,"exposure":3,"nfr40":268,"nfr60":402}},{"type":"Feature","geometry":{"type":"Polygon","coordinates":[[[1.3121,41.4062],[1.3149,41.4038],[1.3279,41.4007],[1.3329,41.3947],[1.3448,41.3925],[1.3524,41.3865],[1.3579,41.385],[1.3579,41.3821],[1.3612,41.3818],[1.3658,41.3772],[1.3652,41.3721],[1.367,41.3648],[1.3639,41.3583],[1.3634,41.3527],[1.3578,41.346],[1.3584,41.3403],[1.3523,41.327],[1.3517,41.3103],[1.3536,41.3055],[1.3506,41.2927],[1.3484,41.29],[1.3501,41.2884],[1.347,41.2831],[1.3509,41.2779],[1.3518,41.2633],[1.3573,41.2593],[1.352,41.2556],[1.3493,41.2568],[1.3445,41.2559],[1.3428,41.2575],[1.3397,41.2534],[1.338,41.255],[1.3343,41.2549],[1.3304,41.2585],[1.3267,41.258],[1.3139,41.2534],[1.3129,41.251],[1.3102,41.2517],[1.3097,41.2493],[1.3034,41.246],[1.3029,41.2435],[1.2969,41.2446],[1.2954,41.243],[1.2939,41.2369],[1.2918,41.2365],[1.293,41.232],[1.2903,41.2312],[1.2954,41.2203],[1.2923,41.2162],[1.294,41.2118],[1.2914,41.2101],[1.2955,41.1972],[1.2923,41.1967],[1.286,41.191],[1.2872,41.1869],[1.2824,41.1857],[1.2825,41.1812],[1.2809,41.18],[1.2727,41.1855],[1.2658,41.1842],[1.2637,41.1813],[1.2584,41.1792],[1.2538,41.1702],[1.248,41.1681],[1.2475,41.1649],[1.2449,41.1636],[1.2352,41.1639],[1.2356,41.1604],[1.2322,41.1569],[1.2368,41.1471],[1.2313,41.1275],[1.2368,41.1174],[1.2378,41.1067],[1.236,41.1061],[1.2373,41.1037],[1.2302,41.101],[1.2286,41.1054],[1.226,41.1052],[1.2279,41.0995],[1.225,41.0992],[1.2241,41.1018],[1.222,41.1018],[1.224,41.1049],[1.2216,41.1053],[1.2092,41.0969],[1.2065,41.0995],[1.2002,41.0956],[1.1919,41.0881],[1.1909,41.0866],[1.1923,41.0857],[1.1899,41.0855],[1.1853,41.0795],[1.1802,41.069],[1.1815,41.066],[1.1803,41.0627],[1.1701,41.0547],[1.1673,41.0566],[1.1608,41.0558],[1.1618,41.0593],[1.1583,41.0617],[1.158,41.064],[1.1533,41.0657],[1.1473,41.0655],[1.1489,41.0678],[1.1427,41.0724],[1.1297,41.0733],[1.1318,41.0733],[1.1317,41.0744],[1.0945,41.0678],[1.0835,41.0637],[1.0838,41.0618],[1.0832,41.0637],[1.0735,41.0662],[1.0661,41.0653],[1.0653,41.0637],[1.0621,41.0609],[1.0645,41.0651],[1.0586,41.0641],[1.0621,41.0627],[1.0508,41.0647],[1.0474,41.0624],[1.0457,41.0629],[1.0439,41.0615],[1.0448,41.0607],[1.0404,41.0604],[1.0396,41.059],[1.0408,41.0587],[1.0347,41.0583],[1.035,41.0569],[1.031,41.0568],[1.0288,41.0549],[1.0301,41.0548],[1.023,41.0522],[1.0126,41.0569],[1.0092,41.0637],[1.006,41.0649],[1.0059,41.0669],[0.9983,41.0696],[0.9977,41.0712],[1.0004,41.0709],[1.0025,41.0745],[0.9986,41.0777],[0.9985,41.0814],[0.9968,41.083],[0.9978,41.0854],[0.9922,41.0938],[0.9926,41.1007],[0.9904,41.1015],[0.9881,41.1067],[0.9853,41.1087],[0.9852,41.1119],[0.9831,41.1135],[0.9823,41.12],[0.9801,41.122],[0.9802,41.1366],[0.9747,41.1405],[0.973,41.1445],[0.967,41.1477],[0.9663,41.1513],[0.9626,41.1525],[0.9625,41.1557],[0.9597,41.1581],[0.9688,41.1583],[0.9786,41.1532],[0.9845,41.1545],[0.9924,41.1538],[0.9908,41.164],[0.9986,41.1655],[0.9963,41.1697],[0.9978,41.1754],[1.0049,41.1715],[1.0049,41.1698],[1.0088,41.1671],[1.0136,41.1655],[1.017,41.1607],[1.0207,41.1616],[1.0233,41.1645],[1.0227,41.1665],[1.0243,41.1669],[1.0199,41.1713],[1.0192,41.1766],[1.0208,41.1774],[1.0207,41.1798],[1.0191,41.1814],[1.021,41.1867],[1.0237,41.1872],[1.024,41.1961],[1.0186,41.1968],[1.0164,41.198],[1.0169,41.1992],[1.0239,41.1993],[1.0265,41.2014],[1.0308,41.2003],[1.0469,41.2018],[1.0521,41.1937],[1.0521,41.1888],[1.0784,41.1877],[1.0794,41.1897],[1.0916,41.1914],[1.0897,41.1977],[1.0915,41.2014],[1.1011,41.2015],[1.1133,41.2077],[1.1131,41.2118],[1.1098,41.215],[1.1103,41.2178],[1.1162,41.2175],[1.1238,41.2144],[1.135,41.2166],[1.1517,41.214],[1.1694,41.246],[1.1709,41.2536],[1.1738,41.2551],[1.1758,41.2586],[1.1767,41.2641],[1.1754,41.2701],[1.1842,41.2847],[1.1882,41.2865],[1.1898,41.2941],[1.1972,41.3013],[1.1927,41.3059],[1.1953,41.3071],[1.1908,41.3156],[1.1964,41.3278],[1.2006,41.3307],[1.2118,41.3341],[1.2207,41.342],[1.2243,41.3485],[1.2286,41.3522],[1.2456,41.3587],[1.247,41.3616],[1.2535,41.365],[1.2616,41.3754],[1.2701,41.3764],[1.2818,41.3819],[1.2828,41.3831],[1.2799,41.3899],[1.2855,41.3923],[1.2931,41.3929],[1.2973,41.3958],[1.2978,41.3991],[1.3036,41.4012],[1.3089,41.4057],[1.3121,41.4062]]]},"properties":{"zhr":"62","ha":55576,"danger":2,"exposure":2,"nfr40":1218,"nfr60":1828}},{"type":"Feature","geometry":{"type":"Polygon","coordinates":[[[1.9705,41.5668],[1.9695,41.5649],[1.9751,41.5599],[1.9747,41.5566],[1.976,41.5558],[1.9939,41.5553],[2.0083,41.5486],[2.0143,41.5479],[2.0162,41.545],[2.0212,41.543],[2.0243,41.5374],[2.0327,41.5339],[2.0331,41.5303],[2.0376,41.5234],[2.0336,41.5148],[2.0331,41.5055],[2.0285,41.4946],[2.0302,41.4782],[2.0279,41.4708],[2.0293,41.4667],[2.0198,41.469],[2.0157,41.4663],[2.0144,41.4629],[2.0032,41.4617],[1.9993,41.4595],[2.0007,41.4556],[1.9964,41.4528],[1.9951,41.4486],[1.9954,41.4357],[1.9784,41.4492],[1.9754,41.4616],[1.9639,41.4731],[1.9565,41.475],[1.9454,41.4674],[1.9344,41.4789],[1.9325,41.4859],[1.9217,41.4902],[1.9215,41.4931],[1.9259,41.498],[1.9263,41.5014],[1.9232,41.5035],[1.915,41.5026],[1.9183,41.5148],[1.9133,41.5166],[1.915,41.524],[1.912,41.5269],[1.9109,41.5343],[1.8978,41.5349],[1.8931,41.5332],[1.8903,41.5352],[1.8898,41.5328],[1.8865,41.5323],[1.873,41.5367],[1.8626,41.5451],[1.8609,41.5499],[1.8527,41.5539],[1.8499,41.5632],[1.8407,41.5643],[1.8401,41.5659],[1.8352,41.5667],[1.827,41.5711],[1.8495,41.57],[1.8611,41.5739],[1.8607,41.5808],[1.8566,41.5843],[1.8519,41.5914],[1.8548,41.5962],[1.8503,41.5995],[1.8534,41.6036],[1.8462,41.6121],[1.8516,41.6158],[1.8539,41.6234],[1.8587,41.6246],[1.8656,41.6217],[1.8726,41.623],[1.8802,41.6206],[1.8802,41.6178],[1.876,41.6145],[1.8732,41.6153],[1.8716,41.6137],[1.8717,41.6125],[1.876,41.6117],[1.8799,41.6069],[1.8863,41.6094],[1.896,41.6082],[1.8998,41.6099],[1.909,41.61],[1.9154,41.6137],[1.9214,41.6101],[1.922,41.6077],[1.9188,41.6007],[1.9145,41.6007],[1.9124,41.5983],[1.9125,41.5946],[1.9103,41.5934],[1.9104,41.5909],[1.9077,41.5881],[1.9094,41.5865],[1.9089,41.5844],[1.9009,41.5787],[1.9095,41.5792],[1.9191,41.5833],[1.923,41.5805],[1.9294,41.5814],[1.9344,41.577],[1.9387,41.5778],[1.9424,41.5807],[1.9462,41.5807],[1.9532,41.5788],[1.956,41.5751],[1.9566,41.5719],[1.9539,41.5682],[1.9566,41.5641],[1.9636,41.5642],[1.9705,41.5668]]]},"properties":{"zhr":"51","ha":14653,"danger":2,"exposure":2,"nfr40":80,"nfr60":120}},{"type":"Feature","geometry":{"type":"Polygon","coordinates":[[[1.8291,41.4248],[1.8259,41.4251],[1.8243,41.4271],[1.8151,41.4262],[1.8124,41.4278],[1.807,41.427],[1.8054,41.4249],[1.799,41.4257],[1.7957,41.4277],[1.7935,41.4317],[1.7892,41.4325],[1.7833,41.4304],[1.773,41.4319],[1.7655,41.4282],[1.7553,41.4297],[1.7509,41.4329],[1.7402,41.4307],[1.7358,41.4323],[1.7314,41.4363],[1.719,41.439],[1.713,41.4422],[1.7098,41.4417],[1.7082,41.4397],[1.7006,41.4424],[1.6947,41.4403],[1.6818,41.4422],[1.6797,41.4398],[1.6764,41.4397],[1.6623,41.4448],[1.6601,41.4489],[1.6547,41.4484],[1.6465,41.4528],[1.6484,41.4541],[1.6561,41.4536],[1.6612,41.4569],[1.6603,41.4598],[1.6507,41.4659],[1.6527,41.475],[1.6547,41.4771],[1.6649,41.481],[1.6691,41.4846],[1.672,41.4848],[1.6701,41.4878],[1.674,41.4903],[1.673,41.4944],[1.679,41.4989],[1.7022,41.4964],[1.7114,41.4944],[1.7164,41.4917],[1.7228,41.4934],[1.7221,41.5023],[1.7172,41.5046],[1.7188,41.5067],[1.7182,41.5091],[1.7144,41.5107],[1.7234,41.5157],[1.7278,41.5141],[1.7283,41.5161],[1.726,41.5201],[1.7277,41.5202],[1.7303,41.5242],[1.7286,41.5271],[1.7285,41.5339],[1.7348,41.5425],[1.7313,41.5559],[1.7285,41.5579],[1.722,41.559],[1.7209,41.5635],[1.7171,41.5654],[1.718,41.5699],[1.7169,41.5723],[1.7196,41.5732],[1.7184,41.5784],[1.7195,41.5801],[1.7238,41.5801],[1.7254,41.5817],[1.7329,41.5814],[1.7349,41.5891],[1.7326,41.5959],[1.7436,41.596],[1.7572,41.5918],[1.7683,41.5952],[1.7827,41.5924],[1.7871,41.5941],[1.7948,41.588],[1.7992,41.5879],[1.8096,41.5833],[1.8271,41.5703],[1.8401,41.5659],[1.8407,41.5643],[1.8499,41.5632],[1.8527,41.5539],[1.8609,41.5499],[1.8626,41.5451],[1.873,41.5367],[1.8865,41.5323],[1.8898,41.5328],[1.8903,41.5352],[1.8931,41.5332],[1.8978,41.5349],[1.9109,41.5343],[1.912,41.5269],[1.915,41.524],[1.9133,41.5166],[1.9183,41.5148],[1.915,41.5026],[1.9232,41.5035],[1.9263,41.5014],[1.9259,41.498],[1.9215,41.4931],[1.9217,41.4902],[1.9325,41.4859],[1.9344,41.4789],[1.9298,41.4784],[1.9226,41.4707],[1.9158,41.4708],[1.9099,41.466],[1.895,41.4636],[1.884,41.459],[1.8824,41.4557],[1.876,41.4545],[1.8757,41.4513],[1.874,41.4505],[1.8613,41.4495],[1.8584,41.4469],[1.8584,41.4445],[1.8444,41.4409],[1.8378,41.4305],[1.8291,41.4248]]]},"properties":{"zhr":"50","ha":26452,"danger":2,"exposure":3,"nfr40":516,"nfr60":774}}]}